읍면동 명,도로명 주소,단지 명,위도 좌표,경도 좌표,종량제 수거함 수,재활용 수거함 수,유리병 수거함 수,스티로폼 수거함 수,폐기 건전지 수거함 수,폐기 형광등 수거함 수,음식물 수거함 수,음식물 계량 수거함 수,CCTV 설치 수,등록 일시
한림읍,제주특별자치도 제주시 한림읍 한림리 1328-62,리사무소 앞,33.4161044,126.2623762,4,5,1,1,1,1,4,1,4,2024-11-06
한림읍,제주특별자치도 제주시 한림읍 한림리 1531-4,영신연립 옆 한흥블럭사,33.4109181,126.2637854,2,4,1,1,1,1,3,1,2,2024-11-06
한림읍,제주특별자치도 제주시 한림읍 한림리 1450-2,왕수학교실 삼거리 (회성푸르니 아파트 앞),33.4123575,126.2642119,3,3,1,1,1,1,3,1,4,2024-11-06
한림읍,제주특별자치도 제주시 한림읍 귀덕8길 10,사동 매역동산(귀덕8길10),33.4411762,126.2903762,2,3,1,1,1,1,2,1,2,2024-11-06
한림읍,제주특별자치도 제주시 한림읍 대림리 1298-1,대림하동길 마을 끝,33.4270475,126.2796051,1,2,1,0,,,1,1,2,2024-11-06
한림읍,제주특별자치도 제주시 한림읍 명랑로4길 2,감협 맞은편(명랑로 16),33.4145117,126.2666645,3,3,1,1,1,1,3,1,3,2024-11-06
한림읍,제주특별자치도 제주시 한림읍 동명리 1540-11,한림공고 후문 옆,33.4056819,126.2688903,2,3,1,2,1,1,2,1,2,2024-11-06
한림읍,제주특별자치도 제주시 한림읍 한림남1길 29,산아진동산(한림남1길29),33.4123124,126.2676736,2,4,1,1,1,1,2,1,3,2024-11-06
한림읍,제주특별자치도 제주시 한림읍 금악리 2234-1,금악리 농협창고 주변,33.361485,126.2957979,1,2,1,1,1,1,1,1,2,2024-11-06
한림읍,제주특별자치도 제주시 한림읍 대림리 1814,천주교 버스정류소 옆,33.4178018,126.2651617,3,3,1,1,1,1,3,1,2,2024-11-06
한림읍,제주특별자치도 제주시 한림읍 귀덕리 2453-3,신서동 집하장 앞,33.4282418,126.289211,1,3,1,1,1,1,2,1,2,2024-11-06
한림읍,제주특별자치도 제주시 한림읍 월림리 291-8,구 부녀회관 뒤,33.3486676,126.2564392,2,3,1,1,1,1,1,1,2,2024-11-06
한림읍,제주특별자치도 제주시 한림읍 귀덕리 4070,리사무소 옆,33.4411608,126.2792589,2,3,1,1,1,1,2,1,2,2024-11-06
한림읍,제주특별자치도 제주시 한림읍 귀덕리 228-3,천호제일사료 주차장,33.4212329,126.2982417,1,2,1,1,1,1,2,1,2,2024-11-06
한림읍,제주특별자치도 제주시 한림읍 한수풀로 337,리사무소앞 광장,33.4190441,126.2961915,1,2,1,1,1,1,2,1,2,2024-11-06
한림읍,제주특별자치도 제주시 한림읍 수원리 960-6,한림빌라 맞은편 동쪽,33.428143,126.2639745,2,3,1,1,1,1,1,1,2,2024-11-06
한림읍,제주특별자치도 제주시 한림읍 한림리 915-9,체육관입구 아래쪽 도로(백부장집),33.4089746,126.2662239,3,4,1,1,1,1,3,1,2,2024-11-06
한림읍,제주특별자치도 제주시 한림읍 한림로 741,노인회관 내부,33.4210826,126.2641115,2,3,1,1,1,1,1,1,2,2024-11-06
한림읍,제주특별자치도 제주시 한림읍 상명리 211-12,조성동 삼거리,33.3519841,126.277299,1,3,1,1,1,1,2,1,2,2024-11-06
한림읍,제주특별자치도 제주시 한림읍 한수리 920-14,한수리 해안도로변,33.422678,126.26256,2,2,1,1,1,1,2,1,2,2024-11-06
한림읍,제주특별자치도 제주시 한림읍 강구로 26,삼손가든 아래,33.4109595,126.2713441,1,3,1,1,1,1,2,1,3,2024-11-06
한림읍,제주특별자치도 제주시 한림읍 대림로 34,리사무소앞 저온저장고,33.4229587,126.2807681,2,2,1,1,1,1,2,1,2,2024-11-06
한림읍,제주특별자치도 제주시 한림읍 대림리 1468-1,서동 일주도로변 소공원,33.4245012,126.277607,2,3,1,1,1,1,2,1,2,2024-11-06
한림읍,제주특별자치도 제주시 한림읍 중산간서로 4956,리사무소 내부,33.4077903,126.2938831,2,3,1,1,1,1,2,1,,2024-11-06
한림읍,제주특별자치도 제주시 한림읍 한림리 1248-1,한림리 1246-1번지 앞,33.415112,126.269164,2,3,1,1,1,1,2,1,4,2024-11-06
한림읍,제주특별자치도 제주시 한림읍 동명리 175-4,문수동 선과장앞 안전지대,33.3856367,126.2834166,1,2,1,1,1,1,2,1,3,2024-11-06
한림읍,제주특별자치도 제주시 한림읍 명월리 1191,명월리 1191 명월로 옆,33.3760414,126.2776239,1,2,1,1,1,1,2,1,2,2024-11-06
한림읍,제주특별자치도 제주시 한림읍 사가동길 18,억소리갈비 옆(노인회관 뒤),33.415647,126.2632878,2,3,1,1,1,1,2,1,3,2024-11-06
한림읍,제주특별자치도 제주시 한림읍 중산간서로 4292,금악 GS25 맞은편,33.3580868,126.2945145,2,3,1,1,1,1,2,1,3,2024-11-06
한림읍,제주특별자치도 제주시 한림읍 귀덕리 1893-1,신서동 동동네 삼거리 부근,33.427801,126.2926279,1,2,1,1,1,1,2,1,2,2024-11-06
한림읍,제주특별자치도 제주시 한림읍 상명리 1028-1,상명리 1028-1앞,33.358093,126.2724546,1,2,1,1,1,1,1,1,2,2024-11-06
한림읍,제주특별자치도 제주시 한림읍 대림리 578-7,리사무소 옆길 한림3리 입구,33.4214623,126.2823674,1,2,1,1,1,1,2,1,2,2024-11-06
한림읍,제주특별자치도 제주시 한림읍 금악리 2048-2,새물통 삼거리,33.3577443,126.2981294,1,2,1,1,1,1,2,1,2,2024-11-06
한림읍,제주특별자치도 제주시 한림읍 옹포리 323-3,영농법인 삼다 옆 골목,33.4060445,126.2567052,2,3,1,1,1,1,2,1,2,2024-11-06
한림읍,제주특별자치도 제주시 한림읍 협재리 2514-19,통물 옆,33.3927208,126.2409092,3,3,1,1,1,1,3,1,3,2024-11-06
한림읍,제주특별자치도 제주시 한림읍 한림리 1494,유성빌라 앞,33.4097891,126.2609242,3,3,1,1,1,1,3,1,2,2024-11-06
한림읍,제주특별자치도 제주시 한림읍 협재리 2447-45,해수욕장 동측 주차장,33.3947345,126.2413941,2,4,1,1,1,1,2,1,2,2024-11-06
한림읍,제주특별자치도 제주시 한림읍 협재리 2447-11,해수욕장 서측 주차장,33.3932028,126.240066,3,3,1,1,1,1,2,1,2,2024-11-06
한림읍,제주특별자치도 제주시 한림읍 금능리 1494-17,포구 앞 공터,33.3894839,126.2289103,2,2,1,1,1,1,2,1,3,2024-11-06
한림읍,제주특별자치도 제주시 한림읍 월령1길 11,리사무소 내부,33.3760441,126.2157787,1,2,1,1,1,1,2,1,2,2024-11-06
한림읍,제주특별자치도 제주시 한림읍 대림리 456-2,광이동 입구 공터,33.4214559,126.2781537,2,3,1,1,1,1,2,1,3,2024-11-06
한림읍,제주특별자치도 제주시 한림읍 한림리 1388-3,한림고물상 앞(주민자치센터 뒤),33.4125569,126.2624746,2,3,1,2,1,1,2,1,2,2024-11-06
한림읍,제주특별자치도 제주시 한림읍 월각로 6,귀덕3리 농산물집하장 내,33.4170577,126.2964506,2,3,1,1,1,1,1,1,2,2024-11-06
한림읍,제주특별자치도 제주시 한림읍 대림리 2019-13,이시돌사료공장 옆 (한수중계펌프장 골목),33.4188733,126.2632345,2,2,1,1,1,1,2,1,2,2024-11-06
한림읍,제주특별자치도 제주시 한림읍 귀덕리 3127-1,귀덕2리 해안도로변,33.4423065,126.2834286,2,3,1,1,1,1,2,1,3,2024-11-06
한림읍,제주특별자치도 제주시 한림읍 협재리 1937-3,별빛두 방울펜션 북측,33.3960562,126.247689,2,4,1,1,1,1,2,1,2,2024-11-06
한림읍,제주특별자치도 제주시 한림읍 옹포리 618-6,,33.401114,126.252751,2,2,1,1,1,1,1,1,3,2024-11-06
한림읍,제주특별자치도 제주시 한림읍 귀덕리 2255-6,대림~귀덕3리 입구,33.4180444,126.2913453,1,2,1,1,1,1,1,1,3,2024-11-06
한림읍,제주특별자치도 제주시 한림읍 귀덕리 976-7,,33.445586,126.29475,2,3,1,1,1,1,1,1,2,2024-11-06
한림읍,제주특별자치도 제주시 한림읍 고도물길 10,농협 농기계수리센터 위,33.4106677,126.2587254,2,3,1,1,1,1,1,1,2,2024-11-06
한림읍,제주특별자치도 제주시 한림읍 명월리 2089-5,한림고 입구 사거리(국도변)      ,33.3963939,126.2603165,2,2,1,1,1,1,3,1,3,2024-11-06
한림읍,제주특별자치도 제주시 한림읍 한수풀로4길 10,오일시장 내,33.4199893,126.2748514,3,3,1,1,1,1,2,1,4,2024-11-06
한림읍,제주특별자치도 제주시 한림읍 한림해안로 538,켄싱턴리조트  해안도로변,33.4370493,126.2750061,2,3,1,1,1,1,2,1,2,2024-11-06
한림읍,제주특별자치도 제주시 한림읍 한림해안로 485,어촌계회관 뒤편,33.4358881,126.2723839,1,2,1,1,1,1,1,1,3,2024-11-06
한림읍,제주특별자치도 제주시 한림읍 한수3길 13,한수관광어촌지원센터 뒤,33.4201038,126.2627611,2,2,1,1,1,1,2,1,3,2024-11-06
한림읍,제주특별자치도 제주시 한림읍 옹포리 500-9,옹포횟집 앞,33.4043055,126.2518954,2,2,1,1,1,1,2,1,4,2024-11-06
한림읍,제주특별자치도 제주시 한림읍 월령리 317-1,월령리 포구 공터,33.3785225,126.2163009,2,3,1,1,1,1,2,1,2,2024-11-06
한림읍,제주특별자치도 제주시 한림읍 동명리 1601-2,삼일식당 사거리,33.4084648,126.2638503,2,3,1,1,1,1,4,1,3,2024-11-06
한림읍,제주특별자치도 제주시 한림읍 귀덕리 1645-3,성로삼거리,33.4337283,126.2962497,2,3,1,1,1,1,1,1,3,2024-11-06
한림읍,제주특별자치도 제주시 귀덕리 4109-1,,33.442484,126.278486,1,2,1,1,1,1,2,1,3,2024-11-06
한림읍,제주특별자치도 제주시 한림읍 대림리 276-5,한림3리 마을회관 앞,33.4124849,126.2843724,1,2,1,1,1,1,2,1,2,2024-11-06
한림읍,제주특별자치도 제주시 한림읍 동명리 1324-2,관정 옆 공터,33.3973158,126.2655081,2,3,1,1,1,1,2,1,2,2024-11-06
한림읍,제주특별자치도 제주시 한림읍 월령안길 27,올레길 주차장,33.376204,126.2143221,1,3,1,1,1,1,1,1,2,2024-11-06
한림읍,제주특별자치도 제주시 한림읍 대림리 1882-5,한수풀도서관 입구 맞은편,33.4195095,126.2676524,2,3,1,1,1,1,2,1,3,2024-11-06
한림읍,제주특별자치도 제주시 한림읍 대림리 1776-1,대명종합타일,33.4173789,126.268263,3,3,1,1,,,2,1,2,2024-11-06
한림읍,제주특별자치도 제주시 한림읍 동명리 664-15,서부소방서 앞 대도로변,33.402302,126.2707776,2,2,1,1,,,,1,2,2024-11-06
한림읍,제주특별자치도 제주시 한림읍 한수리 845-2,한수리 정류소 옆,33.4220336,126.2644513,1,2,1,0,,,2,1,2,2024-11-06
한림읍,제주특별자치도 제주시 한림읍 대림리 676-5,입전동 정자 주변,33.4243844,126.285231,1,2,1,1,,,1,1,2,2024-11-06
한림읍,제주특별자치도 제주시 한림읍 대림리 1901-10,한림순복음교회 앞,33.420036,126.2655616,2,2,1,1,,,1,1,3,2024-11-06
한림읍,제주특별자치도 제주시 한림읍 한림리 1421-2,중앙약국 옆,33.4145354,126.2643151,2,2,1,1,,,2,1,3,2024-11-06
한림읍,제주특별자치도 제주시 한림읍 한림리 1213-2,김밥천국 옆 주차장,33.4143125,126.2647092,2,3,1,1,,,2,1,2,2024-11-06
한림읍,제주특별자치도 제주시 한림읍 한림리 1232-1,감협 뒤 공터,33.4150159,126.2670245,1,3,1,1,,,1,1,2,2024-11-06
한림읍,제주특별자치도 제주시 한림읍 한림리 175-10,리사무소 앞,33.4087413,126.277502,1,2,1,1,,,2,1,2,2024-11-06
한림읍,제주특별자치도 제주시 한림읍 산록남로 60,이시돌 주택 주차장,33.3434132,126.3231524,2,4,1,1,,,,1,2,2024-11-06
한림읍,제주특별자치도 제주시 한림읍 상명리 1111-2,리사무소 맞은편 도로,33.3593541,126.2707905,1,2,1,1,,,1,1,2,2024-11-06
한림읍,제주특별자치도 제주시 한림읍 상명리 1758-1,동카름,33.3634148,126.268632,1,2,1,1,,,1,1,2,2024-11-06
한림읍,제주특별자치도 제주시 한림읍 협재리 1894,일주도로 하얀집간판 앞,33.396573,126.2437817,2,2,1,1,,,3,1,2,2024-11-06
한림읍,제주특별자치도 제주시 한림읍 협재리 1910-1,협재칼국수 옆 주차장,33.3966635,126.2438133,,,,0,,,,,2,2024-11-06
한림읍,제주특별자치도 제주시 한림읍 금능농공길 50,금능농공단지 삼다 삼거리,33.3593607,126.2435237,1,2,1,1,,,2,1,2,2024-11-06
한림읍,제주특별자치도 제주시 한림읍 금능농공길 64,금능농공단지 대산파이프 삼거리,33.3584209,126.2428826,2,2,1,1,,,2,1,2,2024-11-06
한림읍,제주특별자치도 제주시 한림읍 금악남1길 40,성산교회 사거리,33.3596979,126.2983524,1,2,1,0,,,,,,2024-11-06
한림읍,제주특별자치도 제주시 한림읍 한림중앙로 71-9,한림체육관 내부,33.4094888,126.2685125,2,4,1,0,,,,,,2024-11-06
애월읍,제주특별자치도 제주시 애월읍 하귀2리 1436-20,고성천 앞,33.4822913,126.4056515,2,2,1,0,0,0,2,1,2,2024-11-06
애월읍,제주특별자치도 제주시 애월읍 광령리 2429,애월읍 영송학교 북측,33.452614,126.4345962,2,3,1,0,1,1,1,1,,2024-11-06
애월읍,제주특별자치도 제주시 애월읍 금성리 756-1,금성리(상동) 756-1 창고,33.439189,126.3015531,1,3,1,1,1,1,1,1,2,2024-11-06
애월읍,제주특별자치도 제주시 애월읍 봉성리 3080-9,녹근로 39 맞은편,33.414763,126.3146534,2,2,1,1,1,1,1,1,2,2024-11-06
애월읍,제주특별자치도 제주시 애월읍 어음리 3642-1,어음1리사무소 앞,33.4168019,126.3310059,2,3,1,1,1,1,1,1,2,2024-11-06
애월읍,제주특별자치도 제주시 애월읍 납읍리 1753-4,중앙슈퍼 옆,33.4398091,126.3295902,2,3,1,1,1,1,1,1,2,2024-11-06
애월읍,제주특별자치도 제주시 애월읍 하귀1리 1629-6,동귀어촌계횟집 앞,33.4862271,126.4087591,2,3,1,1,1,1,2,1,2,2024-11-06
애월읍,제주특별자치도 제주시 애월읍 하귀2리 1752-5,하귀2리 1752-5 (그린마트 앞),33.4805226,126.4009751,3,3,1,1,0,0,2,1,2,2024-11-06
애월읍,제주특별자치도 제주시 애월읍 광령리 2807-20,UTS 골프빌리지 앞,33.4305177,126.4338602,3,2,1,1,1,1,1,1,2,2024-11-06
애월읍,제주특별자치도 제주시 애월읍 신엄8길 11-3,경림산업 앞,33.4705006,126.3677093,2,3,1,1,1,1,1,1,,2024-11-06
애월읍,제주특별자치도 제주시 애월읍 신엄리 1728-1,용흥2길2 맞은편 무료주차장,33.462077,126.3684492,2,2,1,1,1,1,0,1,,2024-11-06
애월읍,제주특별자치도 제주시 애월읍 광령리 1276-2,순두물 옆,33.4607963,126.4401122,3,3,1,2,1,1,2,1,2,2024-11-06
애월읍,제주특별자치도 제주시 애월읍 광성로 277,광령한마음새마을금고 주차장,33.4605718,126.4363876,3,3,1,1,1,1,1,1,2,2024-11-06
애월읍,제주특별자치도 제주시 애월읍 하광로 473,광령2리사무소,33.4490134,126.4295033,2,4,1,1,1,1,2,1,2,2024-11-06
애월읍,제주특별자치도 제주시 애월읍 광령자종길 1,광령리 3798-16,33.4639736,126.4232193,2,4,1,1,1,1,2,1,2,2024-11-06
애월읍,제주특별자치도 제주시 애월읍 고성6길 4,,33.4582647,126.4153195,2,3,1,1,1,1,2,1,2,2024-11-06
애월읍,제주특별자치도 제주시 애월읍 유수암리 1898-3,보건소(유수암평화길14-2)맞은편,33.4411452,126.4024227,2,3,1,1,1,1,2,1,2,2024-11-06
애월읍,제주특별자치도 제주시 애월읍 수산리 1914-1,수산리 1914-1번지 앞 도로,33.4699581,126.3843671,2,3,1,1,1,1,0,1,2,2024-11-06
애월읍,제주특별자치도 제주시 애월읍 하소로 163,수산리 경로당 부지 안쪽,33.4668778,126.3933843,2,3,1,1,1,1,2,1,2,2024-11-06
애월읍,제주특별자치도 제주시 애월읍 예원로 103,상귀리 1572-2,33.460663,126.3980068,2,2,1,1,1,1,2,1,2,2024-11-06
애월읍,제주특별자치도 제주시 애월읍 엄수로 165,엄수로165,33.468721,126.389462,3,3,1,1,1,1,2,1,2,2024-11-06
애월읍,제주특별자치도 제주시 애월읍 상귀리 113,,33.4729059,126.4091502,2,3,1,1,1,1,2,1,2,2024-11-06
애월읍,제주특별자치도 제주시 애월읍 하귀1리 338,윤정빌리지 서측,33.488995,126.415854,2,3,1,1,1,1,2,1,2,2024-11-06
애월읍,제주특별자치도 제주시 애월읍 애납로 161,,33.4398333,126.3280631,2,4,1,1,1,1,2,1,2,2024-11-06
애월읍,제주특별자치도 제주시 애월읍 하귀1리 1650-4,동귀어촌계횟집 동측,33.4872671,126.4089603,2,3,1,1,1,1,2,1,2,2024-11-06
애월읍,제주특별자치도 제주시 애월읍 하귀1리 498-5,리사무소북측,33.4868848,126.4102585,2,3,1,1,1,1,2,1,2,2024-11-06
애월읍,제주특별자치도 제주시 애월읍 하귀2리 2988-2,번대동회관(번대동길 20-1)남쪽,33.4767682,126.3917861,2,3,1,1,1,1,2,1,2,2024-11-06
애월읍,제주특별자치도 제주시 애월읍 하귀로 72,임닛물 앞새마을금고 맞은편,33.4812773,126.4046326,3,3,1,1,1,1,2,1,2,2024-11-06
애월읍,제주특별자치도 제주시 애월읍 하귀2리 1926-7,하귀2리 3018-9 소왕천 주차장 옆,33.4795192,126.4005164,2,3,1,1,1,1,2,1,2,2024-11-06
애월읍,제주특별자치도 제주시 애월읍 하귀2리 1892-3,하귀2리사무소주차장,33.4790855,126.4034417,2,3,1,1,1,1,2,1,2,2024-11-06
애월읍,제주특별자치도 제주시 애월읍 가문동길 50,가문동포구 팔각정옆,33.4867591,126.3924821,2,3,1,1,,1,2,1,2,2024-11-06
애월읍,제주특별자치도 제주시 애월읍 신엄리 1005-3,어촌계공동창고 앞,33.4759118,126.3664431,3,3,1,1,1,1,2,1,2,2024-11-06
애월읍,제주특별자치도 제주시 애월읍 신엄9길 22-2,리사무소(신엄9길24) 동측,33.4737073,126.3680124,2,2,1,1,1,1,0,1,2,2024-11-06
애월읍,제주특별자치도 제주시 애월읍 납읍리 1622-4,,33.4381039,126.3337147,2,2,1,1,1,1,1,1,2,2024-11-06
애월읍,제주특별자치도 제주시 애월읍 신엄안3길 46,섯동네,33.4738863,126.3622704,2,3,1,1,1,1,0,1,2,2024-11-06
애월읍,제주특별자치도 제주시 애월읍 신엄리 2871,고스트타운 입구,33.476745,126.3557446,2,3,1,1,1,1,0,1,2,2024-11-06
애월읍,제주특별자치도 제주시 애월읍 유수암리 1046-5,,33.4220171,126.4073731,4,3,1,1,1,1,3,1,,2024-11-06
애월읍,제주특별자치도 제주시 애월읍 납읍리 2420-2,부농삼거리,33.4370336,126.3280108,3,3,1,1,1,1,1,1,2,2024-11-06
애월읍,제주특별자치도 제주시 애월읍 하귀1리 123-10,비바리짬뽕(하귀3길 35)옆,33.486139,126.4158918,3,3,1,1,1,1,2,1,2,2024-11-06
애월읍,제주특별자치도 제주시 애월읍 봉성리 3816-4,리사무소 옆,33.4215433,126.3126978,2,4,1,1,1,1,1,1,2,2024-11-06
애월읍,제주특별자치도 제주시 애월읍 고성3길 10,농산물간이집하장 앞,33.4589573,126.4142714,2,2,1,1,1,1,2,1,2,2024-11-06
애월읍,제주특별자치도 제주시 애월읍 봉성리 4188-1,연못 앞,33.4136406,126.3109771,2,2,1,1,1,1,1,1,2,2024-11-06
애월읍,제주특별자치도 제주시 애월읍 하귀1리 271-4,하귀1리 271-4 도로,33.4898164,126.4192993,4,4,1,1,1,1,2,1,2,2024-11-06
애월읍,제주특별자치도 제주시 애월읍 하귀1리 146-1,동귀카센터 근처,33.4869192,126.4183531,2,3,1,1,1,1,2,1,2,2024-11-06
애월읍,제주특별자치도 제주시 애월읍 하귀1리 156-5,망고레이길건너편,33.484402,126.4168322,2,4,1,1,1,1,2,1,2,2024-11-06
애월읍,제주특별자치도 제주시 애월읍 수산리 531-1,하소로136도로,33.4695771,126.3946611,2,3,1,1,1,1,2,1,2,2024-11-06
애월읍,제주특별자치도 제주시 애월읍 광령7길 13,광령7길 13 옆,33.4621169,126.4382269,2,2,1,1,1,1,2,1,2,2024-11-06
애월읍,제주특별자치도 제주시 애월읍 하귀1리 238-4,어린이공원 남측 주차장,33.481432,126.4137571,2,4,1,1,1,1,2,1,2,2024-11-06
애월읍,제주특별자치도 제주시 애월읍 봉성리 3248-2,신명동,33.4174453,126.3172251,2,3,1,1,1,1,2,1,2,2024-11-06
애월읍,제주특별자치도 제주시 애월읍 하귀1리 115,바글바글식당 주변,33.4873311,126.4163243,2,2,1,1,1,1,2,1,2,2024-11-06
애월읍,제주특별자치도 제주시 애월읍 광령8길 33,광령8길 33 앞,33.4580247,126.4400484,2,3,1,1,1,1,2,1,2,2024-11-06
애월읍,제주특별자치도 제주시 애월읍 봉성리 3375-1,구몰동,33.4251066,126.3132031,2,3,1,1,1,1,1,1,2,2024-11-06
애월읍,제주특별자치도 제주시 애월읍 신엄리 755-4,구엄초뒷편,33.4728837,126.3741114,2,4,1,1,1,1,2,1,2,2024-11-06
애월읍,제주특별자치도 제주시 애월읍 하귀2리 2615-6,시드니호텔(가문동길4) 앞,33.4835116,126.3958396,2,4,1,1,1,1,2,1,2,2024-11-06
애월읍,제주특별자치도 제주시 애월읍 하귀2리 2799-2,고우니식당 앞(애월해안로 857),33.4882133,126.3897574,2,3,1,1,1,1,2,1,2,2024-11-06
애월읍,제주특별자치도 제주시 애월읍 상귀리 257-4,동동네,33.4737166,126.4113733,2,2,1,1,1,1,2,1,2,2024-11-06
애월읍,제주특별자치도 제주시 애월읍 고성리 1449-1,보르미마을,33.4655186,126.4097432,2,4,1,1,1,1,2,1,2,2024-11-06
애월읍,제주특별자치도 제주시 애월읍 어음리 3483-2,,33.4116939,126.3334132,2,3,1,1,1,1,1,1,,2024-11-06
애월읍,제주특별자치도 제주시 애월읍 광령리 산 24-3,길하우스 인근 주차장,33.4545069,126.4393051,2,2,1,1,1,1,2,1,2,2024-11-06
애월읍,제주특별자치도 제주시 애월읍 납읍리 1609-5,,33.4384698,126.3317237,3,3,1,1,1,1,2,1,2,2024-11-06
애월읍,제주특별자치도 제주시 애월읍 유수암리 2017-3,광상로 310 동측도로,33.4432579,126.400671,2,3,1,1,1,1,2,1,2,2024-11-06
애월읍,제주특별자치도 제주시 애월읍 광령북7길 71,광령초원빌라 앞(광령북7길 71),33.4654906,126.4376032,2,4,1,1,1,1,2,1,2,2024-11-06
애월읍,제주특별자치도 제주시 애월읍 광령리 2607-6,관광대체육관옆(광령리 2615),33.4462626,126.4334415,2,3,1,1,1,1,2,1,2,2024-11-06
애월읍,제주특별자치도 제주시 애월읍 광령5길 18,광령5길 18번지 앞,33.4622305,126.4356593,2,3,1,1,1,1,2,1,,2024-11-06
애월읍,제주특별자치도 제주시 애월읍 상귀리 1279-2,소앵동(상귀리 1357),33.4643537,126.4022762,2,2,1,1,1,1,2,1,2,2024-11-06
애월읍,제주특별자치도 제주시 애월읍 유수암리 1574-4,거문덕이,33.4310062,126.3997191,2,3,1,1,1,1,0,1,2,2024-11-06
애월읍,제주특별자치도 제주시 애월읍 하귀2리 2122-4,하귀동민회관 옆(학원동),33.4732436,126.400095,2,4,1,1,1,1,2,1,2,2024-11-06
애월읍,제주특별자치도 제주시 애월읍 하광로 208,"예평교회, 둥지어린이집 주변",33.469536,126.4194839,2,3,1,1,0,0,1,1,2,2024-11-06
애월읍,제주특별자치도 제주시 애월읍 하귀로23길 58,하귀2리 2101-3 도로,33.4750571,126.4036937,2,3,1,1,1,1,2,1,2,2024-11-06
애월읍,제주특별자치도 제주시 애월읍 애월리 415-2,애월중 북측길,33.4655689,126.3240556,8,8,1,1,0,0,2,1,2,2024-11-06
애월읍,제주특별자치도 제주시 애월읍 하귀1리 437-4,후거프라이빗펜션 주변,33.4891227,126.4114069,2,3,1,1,1,1,2,1,2,2024-11-06
애월읍,제주특별자치도 제주시 애월읍 하귀1리 1367-2,안남동 인근,33.4830215,126.407435,3,3,1,1,1,1,2,1,2,2024-11-06
애월읍,제주특별자치도 제주시 애월읍 학원동길 4,하귀2리 3020 도로 퐁낭아래,33.473254,126.3966335,2,4,1,1,1,1,2,1,2,2024-11-06
애월읍,제주특별자치도 제주시 애월읍 소길리 793-3,소길운동장 위쪽 삼거리,33.4345034,126.3795023,3,4,1,1,1,1,2,1,2,2024-11-06
애월읍,제주특별자치도 제주시 애월읍 사라길 133,사라길 133 앞,33.4704682,126.4448982,2,2,1,1,1,1,2,1,2,2024-11-06
애월읍,제주특별자치도 제주시 애월읍 항몽로 95,상귀반석,33.4758599,126.4090911,2,4,1,1,1,1,2,1,2,2024-11-06
애월읍,제주특별자치도 제주시 애월읍 하귀2리 2444-1,교회교육원(하귀26길 4-1),33.4797176,126.3956994,2,2,1,1,1,1,2,1,,2024-11-06
애월읍,제주특별자치도 제주시 애월읍 고내리 216-1,애월119센타,33.4666631,126.3491983,2,4,1,1,1,1,2,1,2,2024-11-06
애월읍,제주특별자치도 제주시 애월읍 광령리 2602-1,한라주유소옆,33.4450929,126.4335472,2,3,1,1,1,1,1,1,2,2024-11-06
애월읍,제주특별자치도 제주시 애월읍 항몽로 3,새마을금고 북측,33.4831256,126.4042588,2,2,1,1,0,0,2,1,2,2024-11-06
애월읍,제주특별자치도 제주시 애월읍 하귀1리 53-5,묘연사 주변,33.4846925,126.4203006,1,2,1,1,0,0,2,1,2,2024-11-06
애월읍,제주특별자치도 제주시 애월읍 봉성리 4096-4,서성동,33.4172102,126.311202,2,3,1,1,0,0,0,1,,2024-11-06
애월읍,제주특별자치도 제주시 애월읍 금성리 599-4,,33.4447696,126.3003942,,,,0,,,2,1,2,2024-11-06
애월읍,제주특별자치도 제주시 애월읍 광성로 276,광령초등학교 후문,33.4592009,126.4359805,2,3,1,1,1,1,2,0,,2024-11-06
애월읍,제주특별자치도 제주시 애월읍 일주서로 6349,애월체육관,33.4632802,126.3326126,2,4,1,1,,,1,0,,2024-11-06
애월읍,제주특별자치도 제주시 애월읍 일주서로 6322,애월읍사무소 동측 주차장,33.4623795,126.3299371,3,2,1,1,0,0,0,0,,2024-11-06
애월읍,제주특별자치도 제주시 애월읍 광령리 955-9,광령리 956건물 건너편 북동쪽,33.4507129,126.4384374,,,,0,,,,,2,2024-11-06
애월읍,제주특별자치도 제주시 애월읍 금성2길 24,리사무소,33.442189,126.3008423,1,2,1,0,0,0,1,0,,2024-11-06
애월읍,제주특별자치도 제주시 애월읍 구몰동길 65,선운정사 앞,33.4295023,126.307496,1,2,1,0,0,0,0,0,,2024-11-06
애월읍,제주특별자치도 제주시 애월읍 봉성로3길 17,중화동회관 앞,33.4192475,126.3107281,1,2,1,0,0,0,1,0,,2024-11-06
애월읍,제주특별자치도 제주시 애월읍 납읍리 1595-2,,33.4373758,126.3317536,2,2,1,1,0,0,1,0,,2024-11-06
애월읍,제주특별자치도 제주시 애월읍 신엄리 725-1,신엄리 725-1번지 앞 도로,33.4693411,126.3725077,1,2,1,0,0,0,0,0,2,2024-11-06
애월읍,제주특별자치도 제주시 애월읍 용흥2길 39,용흥리 향기마을 자연체험장,33.4604384,126.3664563,1,2,1,0,0,0,1,0,,2024-11-06
애월읍,제주특별자치도 제주시 애월읍 하귀1리 1603-1,세한빌라 앞쪽,33.4848027,126.4056914,2,2,1,1,0,0,1,0,,2024-11-06
애월읍,제주특별자치도 제주시 애월읍 답동3길 18,하귀2리 1225-2 도로,33.4763525,126.4065573,2,2,1,1,0,0,2,0,,2024-11-06
애월읍,제주특별자치도 제주시 애월읍 상하귀길 40-26,해경관사,33.4747547,126.4120194,1,2,0,0,0,0,0,0,,2024-11-06
애월읍,제주특별자치도 제주시 애월읍 수산리 670-2,,33.4736728,126.3904041,1,2,1,1,0,0,1,0,,2024-11-06
애월읍,제주특별자치도 제주시 애월읍 광상로 115,솔베이지펜션 내,33.4469098,126.4183465,2,2,1,0,0,0,0,0,,2024-11-06
애월읍,제주특별자치도 제주시 애월읍 고성리 72,원광요양원 내,33.4289975,126.4299459,4,0,0,0,0,0,0,0,,2024-11-06
애월읍,제주특별자치도 제주시 애월읍 중산간서로 6565-1,광령빌라 입구,33.4634004,126.4309573,2,1,1,0,0,0,0,0,,2024-11-06
애월읍,제주특별자치도 제주시 애월읍 광령남3길 49,유정연립,33.4513356,126.4327542,1,2,1,0,0,0,0,0,,2024-11-06
애월읍,제주특별자치도 제주시 애월읍 광령자종길 51,광령리 3778-4,33.4668136,126.4219818,1,2,1,0,0,0,0,0,,2024-11-06
구좌읍,제주특별자치도 제주시 구좌읍 해맞이해안로 7-6,김녕성세기해변 주차장,33.5565948,126.7588038,2,4,1,1,1,1,2,1,2,2024-11-06
구좌읍,제주특별자치도 제주시 구좌읍 김녕로21길 19,김녕리 1223-19앞 해안변,33.5577087,126.7558739,1,2,1,0,,,1,,2,2024-11-06
구좌읍,제주특별자치도 제주시 구좌읍 김녕리 492,김녕관광단지내 주차장,33.5582555,126.7629208,3,2,,2,,,,,2,2024-11-06
구좌읍,제주특별자치도 제주시 구좌읍 김녕로17길 15,김녕어촌계창고 앞,33.5565295,126.7534407,2,2,1,1,1,1,2,1,2,2024-11-06
구좌읍,제주특별자치도 제주시 구좌읍 김녕로 141,임풍해장국앞,33.5553017,126.7529335,2,2,1,1,,,2,1,2,2024-11-06
구좌읍,제주특별자치도 제주시 구좌읍 김녕로 118,동부보건소 앞 ,33.554753,126.7506548,2,3,1,1,1,1,2,1,,2024-11-06
구좌읍,제주특별자치도 제주시 구좌읍 김녕로 117,김녕초등학교 뒤,33.5555478,126.7501108,1,2,1,0,,,1,,,2024-11-06
구좌읍,제주특별자치도 제주시 구좌읍 김녕리 2218,영월갈비 옆,33.5544802,126.7481209,1,2,1,0,,,1,,,2024-11-06
구좌읍,제주특별자치도 제주시 구좌읍 김녕리 3687,김녕서운타운앞,33.5561634,126.7471885,1,2,1,0,,,0,,,2024-11-06
구좌읍,제주특별자치도 제주시 구좌읍 김녕리 3722,운동기구앞,33.5571041,126.7474014,1,2,1,0,1,1,2,1,2,2024-11-06
구좌읍,제주특별자치도 제주시 구좌읍 김녕항1길 32,혼디어울렁,33.5576042,126.7445761,1,2,1,1,,,2,1,2,2024-11-06
구좌읍,제주특별자치도 제주시 구좌읍 김녕리 3504,김녕리 백련사 맞은편,33.5552704,126.7438258,1,2,1,0,,,2,,,2024-11-06
구좌읍,제주특별자치도 제주시 구좌읍 김녕리 2592-1,빨간풍차펜션 앞,33.5480967,126.7425892,1,2,1,0,,,0,,,2024-11-06
구좌읍,제주특별자치도 제주시 구좌읍 구좌해안로 229-16,김녕요트투어,33.5580451,126.7372627,1,2,1,0,,,0,,,2024-11-06
구좌읍,제주특별자치도 제주시 구좌읍 김녕리 4402,선유어린이집,33.5555934,126.7352038,1,2,1,0,,,0,,,2024-11-06
구좌읍,제주특별자치도 제주시 구좌읍 동김길 150,소망요양원,33.5473121,126.7318849,1,2,1,0,,,0,,,2024-11-06
구좌읍,제주특별자치도 제주시 구좌읍 동김길 162-20,윈드스톤비치 펜션,33.5458984,126.7315425,1,2,1,0,,,0,,,2024-11-06
구좌읍,제주특별자치도 제주시 구좌읍 김녕로 209,구좌체육관 주차장,33.5566998,126.7588803,,,1,0,,,0,,,2024-11-06
구좌읍,제주특별자치도 제주시 구좌읍 덕천리 1264-1,상덕천,33.484817,126.7478986,1,2,0,0,,,1,1,2,2024-11-06
구좌읍,제주특별자치도 제주시 구좌읍 덕평로 12,상덕천버스정거장옆,33.483569,126.7465066,1,2,1,0,,,2,1,2,2024-11-06
구좌읍,제주특별자치도 제주시 구좌읍 동복남4길 3,취락구조(동산아래),33.5513785,126.7127052,1,2,1,0,,,2,1,3,2024-11-06
구좌읍,제주특별자치도 제주시 구좌읍 동복리 1705-108,취락구조(동산위),33.54979,126.7093804,2,2,1,0,1,1,1,1,,2024-11-06
구좌읍,제주특별자치도 제주시 구좌읍 조천우회로 988,학교살리기빌라,33.5482272,126.7064599,2,3,1,1,,,2,1,,2024-11-06
구좌읍,제주특별자치도 제주시 구좌읍 동복리 766-1,동복리 766 앞,33.552548,126.7204779,1,2,0,0,,,1,1,,2024-11-06
구좌읍,제주특별자치도 제주시 구좌읍 상도로 3,상도리 농기계창고 앞,33.5142571,126.8658813,1,2,1,1,1,1,2,1,2,2024-11-06
구좌읍,제주특별자치도 제주시 구좌읍 상도리 460-15,,33.5163941,126.8684619,1,2,1,0,,,1,,,2024-11-06
구좌읍,제주특별자치도 제주시 구좌읍 세화리 1561-6,구좌읍사무소 옆,33.5226762,126.8525832,1,2,1,1,1,1,1,1,,2024-11-06
구좌읍,제주특별자치도 제주시 구좌읍 세화리 1139-5,전향동복지회관 앞,33.5192368,126.8555729,2,3,1,1,1,1,2,1,2,2024-11-06
구좌읍,제주특별자치도 제주시 구좌읍 세화리 965-2,,33.5175975,126.8572681,1,2,1,0,,,,,,2024-11-06
구좌읍,제주특별자치도 제주시 구좌읍 세송로 17,합전동복지회관 주차장,33.5166748,126.8601132,1,2,1,0,1,1,2,1,2,2024-11-06
구좌읍,제주특별자치도 제주시 구좌읍 해맞이해안로 1465,세화해수욕장 공중화장실 앞,33.5247455,126.8617396,2,3,1,1,,,2,1,2,2024-11-06
구좌읍,제주특별자치도 제주시 구좌읍 세화11길 22,세화리 통항동회관 앞,33.5231221,126.8612397,2,3,1,1,1,1,2,1,2,2024-11-06
구좌읍,제주특별자치도 제주시 구좌읍 세화리 1309-1,구좌농협남쪽100m지점,33.5205054,126.8583319,1,2,1,0,,,,,,2024-11-06
구좌읍,제주특별자치도 제주시 구좌읍 세화리 1318-13,투다모아 물류센터서쪽 팽나무옆,33.5215245,126.8573532,2,2,1,0,,,2,,2,2024-11-06
구좌읍,제주특별자치도 제주시 구좌읍 세화리 1390-1,세화초등학교 후문(훈일카센터 건너편),33.5232278,126.8588985,2,2,1,0,1,1,2,1,,2024-11-06
구좌읍,제주특별자치도 제주시 구좌읍 세화리 1544-2,세화리 미리내빌 앞,33.5223177,126.8554931,3,3,1,0,1,1,2,1,2,2024-11-06
구좌읍,제주특별자치도 제주시 구좌읍 세화리 1477-37,MARE1440 카페 앞(GS25 앞),33.5247255,126.859432,1,2,1,0,,,3,1,,2024-11-06
구좌읍,제주특별자치도 제주시 구좌읍 세화리 1515-2,세화바당 음식점 맞은편,33.5244521,126.8542728,2,4,1,1,1,1,3,1,2,2024-11-06
구좌읍,제주특별자치도 제주시 구좌읍 세화리 1491-3,공용주차장,33.5242237,126.8566582,2,3,1,2,1,1,4,1,2,2024-11-06
구좌읍,제주특별자치도 제주시 구좌읍 세화3길 18,공용주차장,33.5247911,126.8559585,1,2,1,0,,,3,1,2,2024-11-06
구좌읍,제주특별자치도 제주시 구좌읍 해맞이해안로 1412,세화오일시장,33.5257158,126.8578828,3,2,1,0,,,,,2,2024-11-06
구좌읍,제주특별자치도 제주시 구좌읍 송당리 2602-1,대천동사거리,33.436277,126.736447,1,2,1,0,,,1,1,2,2024-11-06
구좌읍,제주특별자치도 제주시 구좌읍 월정5길 18-1,그라빠 음식점 옆,33.5523063,126.7961204,2,4,1,1,1,1,1,1,,2024-11-06
구좌읍,제주특별자치도 제주시 구좌읍 월정리 550-6,월정마을회관 앞,33.5556489,126.7950284,3,3,1,2,1,1,3,1,2,2024-11-06
구좌읍,제주특별자치도 제주시 구좌읍 월정리 555-2,월정리 해안포구 입구,33.5570287,126.7945771,3,3,1,1,1,1,3,1,2,2024-11-06
구좌읍,제주특별자치도 제주시 구좌읍 월정리 1321-13,월정리 용천동 입구,33.550654,126.7822742,1,2,1,0,,,2,1,2,2024-11-06
구좌읍,제주특별자치도 제주시 구좌읍 월정리 306-4,월정리 마을입구,33.5521243,126.7915741,2,4,1,1,1,1,3,1,2,2024-11-06
구좌읍,제주특별자치도 제주시 구좌읍 월정리 797-22,저류지 앞,33.5564285,126.7909193,3,3,1,0,1,1,0,1,,2024-11-06
구좌읍,제주특별자치도 제주시 구좌읍 해맞이해안로 2196,소금바치순이네 근처,33.5034501,126.912822,1,2,1,0,,,,,,2024-11-06
구좌읍,제주특별자치도 제주시 구좌읍 종달리 1396-1,아모르게스트하우스앞,33.5098652,126.9030834,1,1,1,0,,,,,,2024-11-06
구좌읍,제주특별자치도 제주시 구좌읍 평대리 127-3,일주로 GS편의점 서측,33.5240065,126.8506464,1,2,1,0,,,1,,,2024-11-06
구좌읍,제주특별자치도 제주시 구좌읍 평대9길 13,당근창고 앞,33.5260865,126.8498662,1,2,1,0,,,,,,2024-11-06
구좌읍,제주특별자치도 제주시 구좌읍 평대9길 27,,33.5263071,126.8510376,1,2,1,0,,,2,,,2024-11-06
구좌읍,제주특별자치도 제주시 구좌읍 평대리 3351-1,하나로마트 뒤편 주차장,33.5252416,126.8529997,1,2,1,1,,,2,1,2,2024-11-06
구좌읍,제주특별자치도 제주시 구좌읍 평대리 3348-2,만조소머리곰탕 앞,33.5271271,126.8543116,1,2,1,1,,,2,1,2,2024-11-06
구좌읍,제주특별자치도 제주시 구좌읍 평대리 8-29,서련빌리지 앞,33.5279329,126.8526406,1,,0,0,,,,,,2024-11-06
구좌읍,제주특별자치도 제주시 구좌읍 평대리 4-4,"평촌양식장, 밀물수산 입구",33.5297032,126.8528092,1,2,1,0,,,,,,2024-11-06
구좌읍,제주특별자치도 제주시 구좌읍 해맞이해안로 1284,명진전복 앞,33.532339,126.8506423,1,2,1,0,,,,,,2024-11-06
구좌읍,제주특별자치도 제주시 구좌읍 평대7길 57,평대리 566-3 해안변,33.5325237,126.8446526,1,2,1,0,,,1,,2,2024-11-06
구좌읍,제주특별자치도 제주시 구좌읍 평대7길 24,평대리사무소 북측 골목 삼거리,33.5303535,126.8437635,1,2,1,0,,,1,,,2024-11-06
구좌읍,제주특별자치도 제주시 구좌읍 일주동로 3007,평대리사무소 주차장,33.5282962,126.8429397,1,2,1,0,1,1,2,1,,2024-11-06
구좌읍,제주특별자치도 제주시 구좌읍 평대5길 7,평대초등학교 후문 골목길,33.5296473,126.8401147,1,2,1,0,,,1,,,2024-11-06
구좌읍,제주특별자치도 제주시 구좌읍 평대리 1996,평대오길안 펜션 앞 놀이터(감수굴 놀이터 옆),33.5323912,126.8421213,2,2,1,0,1,1,2,1,2,2024-11-06
구좌읍,제주특별자치도 제주시 구좌읍 평대리 1994-6,평대해수욕장 클린하우스,33.5330178,126.8406578,1,2,1,0,,,2,,2,2024-11-06
구좌읍,제주특별자치도 제주시 구좌읍 평대리 2026-16,대수굴 옆,33.5350336,126.8400013,2,4,1,0,1,1,2,1,,2024-11-06
구좌읍,제주특별자치도 제주시 구좌읍 대수길 26-1,해안변 거치대,33.5368971,126.8380588,1,2,1,0,,,1,,,2024-11-06
구좌읍,제주특별자치도 제주시 구좌읍 일주동로 2948,평대주유소 옆 골목,33.5307361,126.8369323,1,2,1,1,,,2,,,2024-11-06
구좌읍,제주특별자치도 제주시 구좌읍 평대12길 15,동제주종합사회복지관 입구,33.523326,126.8488954,1,2,1,0,,,,,,2024-11-06
구좌읍,제주특별자치도 제주시 구좌읍 평대리 282-3,,33.5214885,126.8465599,1,2,1,0,,,1,,,2024-11-06
구좌읍,제주특별자치도 제주시 구좌읍 평대리 2947-7,마니펜션 앞,33.4908277,126.8137291,1,3,0,0,,1,,1,2,2024-11-06
구좌읍,제주특별자치도 제주시 구좌읍 하도리 3200-19,별방촌식당 앞,33.5252659,126.8636105,1,1,1,0,,,,,,2024-11-06
구좌읍,제주특별자치도 제주시 구좌읍 하도리 3359-60,,33.5222881,126.8668298,1,2,1,1,1,1,2,1,,2024-11-06
구좌읍,제주특별자치도 제주시 구좌읍 하도리 산 79-67,삼다도빌라,33.5185343,126.868283,1,2,1,0,,,,,,2024-11-06
구좌읍,제주특별자치도 제주시 구좌읍 하도서길 36,,33.521437,126.880642,1,2,1,0,,,1,,,2024-11-06
구좌읍,제주특별자치도 제주시 구좌읍 하도리 1972,,33.5256455,126.881187,2,3,1,1,1,1,2,1,2,2024-11-06
구좌읍,제주특별자치도 제주시 구좌읍 하도리 1901-4,,33.528202,126.8813821,1,4,1,1,1,1,1,1,2,2024-11-06
구좌읍,제주특별자치도 제주시 구좌읍 하도리 1792-1,하도리 1792-1 밭 삼거리,33.525584,126.8832298,1,2,1,0,,,1,,,2024-11-06
구좌읍,제주특별자치도 제주시 구좌읍 하도리 1636,하도핑크 음식점 앞(전) 팔각정 옆,33.5226137,126.8833733,1,2,1,1,,,2,1,2,2024-11-06
구좌읍,제주특별자치도 제주시 구좌읍 하도7길 57,답단동산 앞,33.5159156,126.8896571,1,5,1,1,1,1,2,1,2,2024-11-06
구좌읍,제주특별자치도 제주시 구좌읍 하도리 1130-2,동동 저류조 앞,33.5143481,126.8868511,1,2,1,0,,,1,,,2024-11-06
구좌읍,제주특별자치도 제주시 구좌읍 해맞이해안로 1897-27,하도어촌체험마을(무인카페),33.5201839,126.9040501,1,1,1,0,,,,,,2024-11-06
구좌읍,제주특별자치도 제주시 구좌읍 하도리 947-37,철새도래지 앞(하도리 53-2),33.5101182,126.8934195,1,2,1,0,,,3,1,,2024-11-06
구좌읍,제주특별자치도 제주시 구좌읍 하도13길 6,창흥동 입구,33.5087526,126.8878734,1,2,1,0,1,1,2,1,2,2024-11-06
구좌읍,제주특별자치도 제주시 구좌읍 한동리 1358-7,이런날엔 카페 맞은편,33.5428936,126.8307035,1,2,1,0,,,1,,2,2024-11-06
구좌읍,제주특별자치도 제주시 구좌읍 한동리 8-30,,33.5395908,126.8360692,1,2,1,0,1,1,1,1,2,2024-11-06
구좌읍,제주특별자치도 제주시 구좌읍 한동리 1208,한동초 동쪽 골목길,33.5385655,126.8301744,1,2,1,0,,,1,,2,2024-11-06
구좌읍,제주특별자치도 제주시 구좌읍 한동리 947,상한동경로당 서측,33.5347832,126.8236324,2,3,1,1,1,1,2,1,2,2024-11-06
구좌읍,제주특별자치도 제주시 구좌읍 한동리 2004-1,한동리 2006 앞,33.5328846,126.8197754,1,2,1,0,,,2,1,2,2024-11-06
구좌읍,제주특별자치도 제주시 구좌읍 한동리 1113,인성영농 앞,33.5370213,126.8246783,1,2,1,0,1,1,1,1,2,2024-11-06
구좌읍,제주특별자치도 제주시 구좌읍 한동리 1148-4,서동복지회관 입구,33.5391943,126.8266114,2,4,1,1,1,1,2,1,2,2024-11-06
구좌읍,제주특별자치도 제주시 구좌읍 한동리 10-91,한동게이트볼장 옆,33.540022,126.8337461,2,3,1,0,1,1,1,1,2,2024-11-06
구좌읍,제주특별자치도 제주시 구좌읍 해맞이해안로 680-7,주차장,33.5599763,126.8155168,1,3,1,0,1,1,,1,,2024-11-06
구좌읍,제주특별자치도 제주시 구좌읍 해맞이해안로 680-50,주차장,33.5574313,126.8187532,1,2,1,0,1,1,,1,,2024-11-06
구좌읍,제주특별자치도 제주시 구좌읍 행원리 655-2,,33.555504,126.809918,1,2,1,0,,,1,,2,2024-11-06
구좌읍,제주특별자치도 제주시 구좌읍 행원로7길 18-21,행원리사무소 주차장,33.5544341,126.808376,1,2,1,1,1,1,2,1,2,2024-11-06
구좌읍,제주특별자치도 제주시 구좌읍 행원리 1537-15,행원 취락구조,33.5546982,126.8006929,1,2,1,1,,,2,1,2,2024-11-06
구좌읍,제주특별자치도 제주시 구좌읍 해맞이해안로 571,행원 방파제,33.5567878,126.8054578,1,2,1,0,,,0,1,2,2024-11-06
구좌읍,제주특별자치도 제주시 구좌읍 행원리 707-2,행원로 7길 12 북측,33.5549466,126.8069009,1,2,1,0,,,1,,,2024-11-06
구좌읍,제주특별자치도 제주시 구좌읍 행원리 819-6,행원리 버스정류장 맞은편,33.5532965,126.8076078,1,2,1,0,1,1,0,1,2,2024-11-06
구좌읍,제주특별자치도 제주시 구좌읍 행원리 1262-12,,33.5494385,126.8050565,,,,0,,,2,1,,2024-11-06
구좌읍,제주특별자치도 제주시 구좌읍 행원리 2333-36,한라용사촌,33.5352234,126.7952391,1,2,1,0,,,2,,2,2024-11-06
구좌읍,제주특별자치도 제주시 구좌읍 행원리 3431-3,오션뷰1차,33.5131806,126.7798642,2,2,1,0,,,2,1,,2024-11-06
구좌읍,제주특별자치도 제주시 구좌읍 행원리 940-20,한국해양과학기술연구원,33.5425815,126.8102909,1,2,1,1,1,1,,1,2,2024-11-06
조천읍,제주특별자치도 제주시 조천읍 신촌리 1860-1,신촌이용원 건너편,33.5347575,126.6186524,2,3,1,1,1,1,2,1,2,2024-11-06
조천읍,제주특별자치도 제주시 조천읍 신촌리 2321-8,서부노인회관 앞,33.5360654,126.6173032,1,3,1,0,1,1,2,1,,2024-11-06
조천읍,제주특별자치도 제주시 조천읍 신촌리 2284-5,신촌리 2간이펌프장,33.5373308,126.6162193,1,2,1,0,1,1,0,1,2,2024-11-06
조천읍,제주특별자치도 제주시 조천읍 신촌리 2202-4,신촌포구 큰물여탕 입구,33.5373834,126.6188777,2,3,1,1,,,,1,2,2024-11-06
조천읍,제주특별자치도 제주시 조천읍 신촌북2길 31-2,대수동노인정 해녀탈의장 앞 방파제,33.5378596,126.6196894,1,2,1,0,1,1,2,1,2,2024-11-06
조천읍,제주특별자치도 제주시 조천읍 신촌리 2034-11,동동노인정 동카름 포구,33.5381279,126.6230489,1,2,1,0,1,1,2,1,2,2024-11-06
조천읍,제주특별자치도 제주시 조천읍 조천리 3080-7,눈큰새우게스트하우스 옆 포구,33.5385426,126.6349639,1,3,1,0,1,1,,1,,2024-11-06
조천읍,제주특별자치도 제주시 조천읍 조천리 2509-2,장목거리 오거리,33.53789,126.6381553,1,3,1,0,1,1,2,1,2,2024-11-06
조천읍,제주특별자치도 제주시 조천읍 신북로 265,조천파출소 옆,33.5385758,126.6399314,1,2,1,0,1,1,2,1,2,2024-11-06
조천읍,제주특별자치도 제주시 조천읍 조천리 2908,하동노인회관(조천리 2908),33.5418391,126.6367528,1,2,1,1,1,1,2,1,2,2024-11-06
조천읍,제주특별자치도 제주시 조천읍 조천북1길 35-8,조천어촌계 조천수산 뒤편,33.5420198,126.6345143,1,2,1,0,1,1,1,1,2,2024-11-06
조천읍,제주특별자치도 제주시 조천읍 조천리 1330-3,해양맨션 앞,33.537266,126.6399964,2,3,1,1,1,1,2,1,2,2024-11-06
조천읍,제주특별자치도 제주시 조천읍 북촌11길 39,북촌어촌계사무실 건너편 포구,33.5504086,126.6937663,1,3,1,0,1,1,2,1,2,2024-11-06
조천읍,제주특별자치도 제주시 조천읍 남조로 3020,조천농협 제1산지유통센터(뱅디왓),33.5296104,126.6447761,1,3,1,1,1,1,1,1,2,2024-11-06
조천읍,제주특별자치도 제주시 조천읍 함덕서4길 62,함덕교회 앞,33.5397889,126.666685,1,3,1,0,1,1,2,1,2,2024-11-06
조천읍,제주특별자치도 제주시 조천읍 와흘리 1928-1,와흘상동입구,33.4933962,126.6347738,1,3,1,1,1,1,1,1,2,2024-11-06
조천읍,제주특별자치도 제주시 조천읍 와흘리 58-2,소문난할머니국밥옆 농로길 ,33.4751703,126.6547428,2,3,1,1,1,1,2,1,2,2024-11-06
조천읍,제주특별자치도 제주시 조천읍 함덕리 1252-24,함덕파출소옆 ,33.5420782,126.6651642,2,3,1,0,1,1,2,1,2,2024-11-06
조천읍,제주특별자치도 제주시 조천읍 조함해안로 441,대풍미락 건너편 포구,33.546148,126.6619452,2,3,1,1,1,1,3,1,3,2024-11-06
조천읍,제주특별자치도 제주시 조천읍 함덕리 260-12,함덕리 산4 (주차장 내),33.542561,126.676517,2,3,1,0,1,1,2,1,2,2024-11-06
조천읍,제주특별자치도 제주시 조천읍 조함해안로 468,션사인호텔 동쪽 중계펌프장 앞,33.5440256,126.663463,2,3,1,1,1,1,2,1,2,2024-11-06
조천읍,제주특별자치도 제주시 조천읍 신북로 520,함덕리사무소앞,33.5418577,126.6651599,2,3,1,0,1,1,2,1,2,2024-11-06
조천읍,제주특별자치도 제주시 조천읍 함덕리 290-80,신사동 함덕제일감리교회 옆,33.534618,126.6736561,2,3,1,1,1,1,2,1,2,2024-11-06
조천읍,제주특별자치도 제주시 조천읍 함덕리 1634-1,농어촌공사 소유 부지 내,33.534097,126.663246,3,3,1,1,1,1,1,1,2,2024-11-06
조천읍,제주특별자치도 제주시 조천읍 조천4길 6,동원축산유통앞,33.5345795,126.6328751,1,3,1,0,,,1,,2,2024-11-06
조천읍,제주특별자치도 제주시 조천읍 함덕16길 15-13,함덕오일장 뒤편,33.5400122,126.6678065,2,3,1,2,1,1,3,1,2,2024-11-06
조천읍,제주특별자치도 제주시 조천읍 신촌리 529-29,주차장 내,33.5362605,126.6254739,2,3,1,0,1,1,1,1,2,2024-11-06
조천읍,제주특별자치도 제주시 조천읍 함덕리 1024-3,션샤인호텔 북쪽,33.5447472,126.6623115,2,3,1,0,1,1,2,1,3,2024-11-06
조천읍,제주특별자치도 제주시 조천읍 함덕리 290-41,함덕남14길 1(제주감귤농업협동조합) 입구 앞,33.5332327,126.6761734,2,3,1,1,1,1,2,1,2,2024-11-06
조천읍,제주특별자치도 제주시 조천읍 신촌리 2412-2,닭머루,33.5376793,126.6134214,,,,0,1,1,1,1,2,2024-11-06
조천읍,제주특별자치도 제주시 조천읍 신촌9길 22,이룸아파트앞,33.536422,126.6232152,3,2,1,0,1,1,2,1,2,2024-11-06
조천읍,제주특별자치도 제주시 조천읍 북촌1길 43,해동포구 앞,33.547836,126.6843859,1,3,1,1,1,1,1,1,2,2024-11-06
조천읍,제주특별자치도 제주시 조천읍 북촌리 497,북촌 동포구 ,33.550172,126.695388,1,3,1,0,1,1,1,1,2,2024-11-06
조천읍,제주특별자치도 제주시 조천읍 북촌리 211,,33.5454902,126.7006113,1,3,1,0,1,1,2,1,2,2024-11-06
조천읍,제주특별자치도 제주시 북촌리 545-3,북촌리사무소 건너편,33.5486645,126.6959761,2,3,1,1,1,1,2,1,2,2024-11-06
조천읍,제주특별자치도 제주시 조천읍 조천리 2682-1,연북정 오거리,33.5395197,126.6367316,2,3,1,1,1,1,2,1,1,2024-11-06
조천읍,제주특별자치도 제주시 조천읍 함덕16길 15-13,함덕오일시장 내,33.5405342,126.6682675,2,3,1,0,,,1,,2,2024-11-06
조천읍,제주특별자치도 제주시 조천읍 신촌리 1908-4,감나무 밭 앞,33.5356473,126.6215907,2,3,1,0,1,1,2,1,2,2024-11-06
조천읍,제주특별자치도 제주시 조천읍 함덕리 4145-1,함덕초등학교 동쪽 공원앞,33.53917,126.6735146,2,3,1,0,1,1,2,1,2,2024-11-06
조천읍,제주특별자치도 제주시 조천읍 조천북1길 11-13,조천포구 공중화장실옆,33.5415355,126.6347845,1,2,1,0,1,1,1,1,2,2024-11-06
조천읍,제주특별자치도 제주시 선흘리 1959-6,선흘2리 우진동 입구,33.4631166,126.7000232,1,3,1,0,1,1,2,1,2,2024-11-06
조천읍,제주특별자치도 제주시 2325-2,조천농협 뒤 농협주차장,33.5359676,126.6382087,2,3,1,1,1,1,2,1,2,2024-11-06
조천읍,제주특별자치도 제주시 조천읍 신촌리 2699-2,신촌 준빌라 입구,33.527299,126.6178782,2,2,2,1,1,1,2,1,1,2024-11-06
조천읍,제주특별자치도 제주시 조천읍 와흘전2길 53,전원마을 입구,33.4697184,126.6392118,1,2,1,1,1,1,2,1,2,2024-11-06
조천읍,제주특별자치도 제주시 조천읍 교래리 605-1,교래리사무소 뒤편,33.4321028,126.6746291,0,6,1,1,,,5,1,2,2024-11-06
조천읍,제주특별자치도 제주시 조천읍 조천14길 22,대진유토피아2차 앞,33.535348,126.6402482,1,3,1,0,1,1,1,1,2,2024-11-06
조천읍,제주특별자치도 제주시 조천읍 함덕리 951-3,성진가스삼거리,33.5394343,126.6699464,2,3,1,1,1,1,2,1,2,2024-11-06
조천읍,제주특별자치도 제주시 조천읍 선흘리 2084-1,선흘리 4203(도로지번),33.487994,126.70007,1,3,1,0,1,1,2,1,2,2024-11-06
조천읍,제주특별자치도 제주시 조천읍 신와로 66,신촌중기 제주물류센터앞,33.5223451,126.6164791,1,3,1,1,1,1,2,1,2,2024-11-06
조천읍,제주특별자치도 제주시 조천읍 조천리 2204-1,성원빌라 옆,33.5333381,126.6360884,1,3,1,0,1,1,2,1,2,2024-11-06
조천읍,제주특별자치도 제주시 조천읍 조천리 2281-5,일주동로 도로변 영창공업사앞,33.5331934,126.6381938,2,3,1,1,1,1,1,1,2,2024-11-06
조천읍,제주특별자치도 제주시 조천읍 함덕리 4154-3,원풍해장국앞,33.5396889,126.6751776,2,2,1,0,1,1,2,1,2,2024-11-06
조천읍,제주특별자치도 제주시 조천읍 교래리 605-1,교래리사무소 뒤편,33.4321028,126.6746291,5,0,0,1,1,1,3,1,2,2024-11-06
조천읍,제주특별자치도 제주시 조천읍 조천리 1890-7,신안동교차로,33.5182731,126.6352288,1,3,1,1,1,1,1,1,2,2024-11-06
조천읍,제주특별자치도 제주시 조천읍 함덕리 2851-4,함덕순복음교회 남쪽 50M,33.5402147,126.6578259,2,2,1,0,1,1,1,1,2,2024-11-06
조천읍,제주특별자치도 제주시 조천읍 함덕리 1447-1,함덕 쉬젠비아체앞,33.5387798,126.6649275,1,4,1,0,1,1,1,1,2,2024-11-06
조천읍,제주특별자치도 제주시 조천읍 신촌리 1791-1,신촌주유소 옆,33.5346958,126.6221817,1,3,1,1,1,1,2,1,2,2024-11-06
조천읍,제주특별자치도 제주시 조천읍 함덕27길 4-6,함덕4구 게이트볼장 뒤편,33.5408006,126.6756711,2,4,1,0,1,1,1,1,2,2024-11-06
조천읍,제주특별자치도 제주시 조천읍 함덕8길 35,함덕2구 마을회관 주차장,33.5406035,126.6634184,1,2,1,0,1,1,2,1,3,2024-11-06
조천읍,제주특별자치도 제주시 조천읍 함덕8길 49,함덕2구 무료주차장,33.5389975,126.6637155,2,2,1,0,1,1,1,1,3,2024-11-06
조천읍,제주특별자치도 제주시 조천읍 북촌리 1264-1,북촌초등학교 뒤편,33.5484172,126.6922696,1,2,1,0,1,1,2,1,3,2024-11-06
조천읍,제주특별자치도 제주시 조천읍 북촌북길 58-3,다니하우스빌 앞 정잿물,33.550075,126.6923474,2,2,1,0,1,1,2,1,3,2024-11-06
조천읍,제주특별자치도 제주시 북촌리 450-7,동포구 북촌양식장옆,33.5511494,126.6955309,2,2,1,0,1,1,1,1,2,2024-11-06
조천읍,제주특별자치도 제주시 조천읍 북촌북길 17-1,뭉클펜션 앞,33.5488193,126.6905007,2,2,1,0,1,1,1,1,2,2024-11-06
조천읍,제주특별자치도 제주시 조천읍 함덕리 1334,소랫물,33.5406441,126.6661707,2,2,1,0,1,1,2,1,2,2024-11-06
조천읍,제주특별자치도 제주시 조천읍 남조로3길 91,양천상동 제주오름교회앞,33.516142,126.6486901,1,2,1,0,1,1,0,1,,2024-11-06
조천읍,제주특별자치도 제주시 조천읍 조천9길 10,황씨 종손가옥 삼거리,33.5369093,126.6366296,1,2,1,0,1,1,1,1,,2024-11-06
조천읍,제주특별자치도 제주시 조천읍 조천리 3095-7,수암정 서측 50M 포구 ,33.5362659,126.6324845,1,2,1,0,1,1,1,1,,2024-11-06
조천읍,제주특별자치도 제주시 조천읍 신촌리 1916-1,북제주교회앞,33.5367328,126.6220662,1,3,1,0,,1,1,1,2,2024-11-06
조천읍,제주특별자치도 제주시 조천읍 신촌리 2057-4,대수동노인정 동측 70M 지점,33.5380671,126.620972,1,2,1,0,,1,0,1,,2024-11-06
조천읍,제주특별자치도 제주시 조천읍 신와로 101,범이네농장 맞은편 삼거리,33.5201417,126.6185578,1,2,1,0,,,1,,2,2024-11-06
조천읍,제주특별자치도 제주시 조천읍 신촌리 1393-3,동수동 낮은울타리,33.5176514,126.6219629,1,3,1,1,,,1,,2,2024-11-06
조천읍,제주특별자치도 제주시 조천읍 함덕리 272-122,"스카이빌리지,알뜰주유소옆",33.5404468,126.6737865,1,3,1,0,,,2,,2,2024-11-06
조천읍,제주특별자치도 제주시 조천읍 대흘리 1213-1,길섶나그네앞,33.4680951,126.6783795,1,2,1,0,1,1,0,1,2,2024-11-06
조천읍,제주특별자치도 제주시 조천읍 신촌북2길 12,(신촌)조천농협옆 동측 사거리 지점,33.5361733,126.6196783,1,2,1,0,1,1,1,1,2,2024-11-06
조천읍,제주특별자치도 제주시 조천읍 신촌리 2454-4,신촌교회 동측 100M 지점 삼거리,33.53497,126.6174027,1,2,1,1,1,1,1,1,,2024-11-06
조천읍,제주특별자치도 제주시 조천읍 조천리 1808-3,양천하동 마을안 버스정류소 옆,33.520533,126.647611,1,2,1,0,1,1,1,1,2,2024-11-06
조천읍,제주특별자치도 제주시 조천읍 함덕리 1518-2,씨앤빌리지앞 삼거리,33.5382776,126.6624659,2,2,1,0,1,1,0,1,2,2024-11-06
조천읍,제주특별자치도 제주시 조천읍 함덕18길 32-1,조천읍도서관 서측 드라마빌리지 옆,33.5384006,126.669499,2,2,1,0,1,1,1,,2,2024-11-06
조천읍,제주특별자치도 제주시 조천읍 신북로 54,신촌다목적체육관,33.5332106,126.6196317,1,2,1,1,,,2,,2,2024-11-06
조천읍,제주특별자치도 제주시 조천읍 신촌리 1861-2,신촌초등학교 후문앞,33.5346597,126.6192036,1,2,1,0,,,2,,2,2024-11-06
조천읍,제주특별자치도 제주시 조천읍 조천리 1564-3,명지어린이집 남측방향 농로길 200M,33.5307062,126.6399364,1,3,1,0,,,1,,2,2024-11-06
조천읍,제주특별자치도 제주시 조천읍 와흘리 산 38,편백숲마을 입구,33.4603307,126.6540793,1,3,1,0,,,2,1,,2024-11-06
조천읍,제주특별자치도 제주시 조천읍 와흘리 242,,33.473108,126.6454111,1,2,1,0,,,2,,2,2024-11-06
조천읍,제주특별자치도 제주시 조천읍 조천1길 5,현대크레인 북측,33.5355332,126.631395,2,3,1,0,,,1,,1,2024-11-06
조천읍,제주특별자치도 제주시 조천읍 신북로 237,조천부부의원 옆,33.5370041,126.6379646,1,3,1,1,,,1,,2,2024-11-06
조천읍,제주특별자치도 제주시 조천읍 조함해안로 217-1,조천 해안도로 문개항아리옆,33.5534526,126.6442873,2,4,1,0,,,1,,2,2024-11-06
조천읍,제주특별자치도 제주시 조천읍 북촌리 1270,북촌경로당앞,33.5492587,126.6932496,1,3,1,0,,,1,,,2024-11-06
조천읍,제주특별자치도 제주시 조천읍 일주동로 1574,북촌 대상다려마을앞,33.5513137,126.7015886,1,3,1,0,,,2,,2,2024-11-06
조천읍,제주특별자치도 제주시 조천읍 신촌리 2425-3,까사델마마 북측방향 주차장,33.5362384,126.615419,1,3,1,0,,,1,,2,2024-11-06
조천읍,제주특별자치도 제주시 조천읍 신촌2길 14,덕인당빵집 뒤편,33.5317607,126.6189139,1,1,1,0,,,1,,2,2024-11-06
조천읍,제주특별자치도 제주시 조천읍 신북로 353-12,쁘띠어린이집 옆,33.5421316,126.6482371,1,2,0,0,,,,1,,2024-11-06
조천읍,제주특별자치도 제주시 조천읍 북촌리 83-3,열방대학앞 북측방향,33.5382927,126.7013975,1,3,1,0,,,,,2,2024-11-06
조천읍,제주특별자치도 제주시 조천읍 선교로 569-36,세계자연유산내 주차장앞,33.4566275,126.71316,1,2,1,0,,,2,,2,2024-11-06
조천읍,제주특별자치도 제주시 조천읍 신북로 194,조천읍사무소 옆,33.5349565,126.6343912,1,3,1,0,,,1,,,2024-11-06
조천읍,제주특별자치도 제주시 조천읍 조천5길 1,조천 상동노인정앞,33.5356053,126.6354088,2,4,1,0,,,2,,2,2024-11-06
조천읍,제주특별자치도 제주시 조천읍 조천2길 19,조천성당앞,33.5332422,126.631011,1,3,1,0,,,1,,2,2024-11-06
조천읍,제주특별자치도 제주시 조천읍 대흘리 1235-34,새미마을앞,33.4725945,126.6627878,2,,1,0,,,1,,2,2024-11-06
조천읍,제주특별자치도 제주시 조천읍 조천리 917-3,,33.5461955,126.641586,2,2,1,0,,,1,,2,2024-11-06
조천읍,제주특별자치도 제주시 조천읍 북촌리 692-3,,33.548769,126.698673,2,2,1,1,,,2,,2,2024-11-06
조천읍,제주특별자치도 제주시 조천읍 남조로 2023,자연휴양림 내,33.4390838,126.666907,1,2,1,0,,,,,,2024-11-06
조천읍,제주특별자치도 제주시 조천읍 비자림로 422-2,사려니흑돼지 내,33.4263507,126.657525,1,2,1,0,,,,,,2024-11-06
조천읍,제주특별자치도 제주시 조천읍 중산간동로 601,수자원본부 내,33.5005459,126.6501365,2,,1,0,,,,,,2024-11-06
조천읍,제주특별자치도 제주시 조천읍 중산간동로 677,대흘초등학교 내,33.4993473,126.6584792,,,,0,,,,,,2024-11-06
조천읍,제주특별자치도 제주시 조천읍 곱은달서길 165,메이폴하우스 내,33.5007735,126.6613143,,,,0,,,,,,2024-11-06
조천읍,제주특별자치도 제주시 조천읍 곱은달남길 214,소랑풀하우스 내,33.4926821,126.6716096,,,,0,,,,,,2024-11-06
조천읍,제주특별자치도 제주시 조천읍 함와로 267-5,혜정원 아가의집 내,33.5159396,126.6786735,,,,0,,,,,,2024-11-06
조천읍,제주특별자치도 제주시 조천읍 함와로 267-5,혜정원 아가의집 내,33.5159396,126.6786735,,,,0,,,,,,2024-11-06
조천읍,제주특별자치도 제주시 조천읍 일주동로 1511,북촌 북측버스정류소 북측 20M지점,33.5484879,126.6953528,1,3,1,0,,,0,,,2024-11-06
조천읍,제주특별자치도 제주시 조천읍 일주동로 1616-7,북촌 사조리조트 내,33.5515492,126.7047225,1,3,1,0,,,,,,2024-11-06
조천읍,제주특별자치도 제주시 조천읍 북선로 144,북촌장례식장 내,33.5272724,126.6860841,1,3,1,0,,,,,,2024-11-06
조천읍,제주특별자치도 제주시 조천읍 북흘로 376-9,에코유스호텔 내,33.5165571,126.7053739,,2,1,0,,,0,,,2024-11-06
조천읍,제주특별자치도 제주시 조천읍 신북로 31,신촌교회방면 조천중학교 후문 내,33.5333314,126.6168811,1,2,1,0,,,0,,,2024-11-06
조천읍,제주특별자치도 제주시 조천읍 신북로 31,동수동 마을회관 내,33.5187779,126.6257284,1,3,1,0,,,1,,,2024-11-06
조천읍,제주특별자치도 제주시 조천읍 신북로 61,에스디빌아파트 맞은편,33.534025,126.6207576,1,3,1,1,,,2,,2,2024-11-06
조천읍,제주특별자치도 제주시 조천읍 와산서1길 34,스위스마을내 주차장앞,33.494748,126.6773998,2,4,1,0,,,,,,2024-11-06
조천읍,제주특별자치도 제주시 조천읍 와흘리 산 13-39,환경감시협외앞,33.4616666,126.6592791,1,3,1,0,,,,,,2024-11-06
조천읍,제주특별자치도 제주시 조천읍 종인내길 69,예천전문요양원 내,33.500514,126.620366,2,2,1,0,,,,,,2024-11-06
조천읍,제주특별자치도 제주시 조천읍 번영로 941,동물위생시험소 내,33.4758566,126.6378738,1,2,1,0,,,,,,2024-11-06
조천읍,제주특별자치도 제주시 조천읍 와흘전2길 51-13,전원마을회관앞,33.4696191,126.6405482,3,5,1,0,,,1,,,2024-11-06
조천읍,제주특별자치도 제주시 조천읍 조천3길 27,시인의집옆 공터,33.536019,126.6344503,2,5,1,0,,,1,,,2024-11-06
조천읍,제주특별자치도 제주시 조천읍 조천북2길 14-1,삼성빌리지 공터 주차장앞,33.5399602,126.6389094,1,2,1,0,,,2,,2,2024-11-06
조천읍,제주특별자치도 제주시 조천읍 일주동로 1234,함덕중학교 내,33.5371766,126.6724961,,,,0,,,,,,2024-11-06
조천읍,제주특별자치도 제주시 조천읍 함덕3길 41,신흥~함덕사이 럭키비치빌앞,33.5462128,126.6554312,1,2,1,0,,,0,,,2024-11-06
조천읍,제주특별자치도 제주시 조천읍 함덕2길 36,오션그랜드호텔 기숙사앞 삼거리,33.5413379,126.6552266,1,2,1,0,,,1,1,,2024-11-06
조천읍,제주특별자치도 제주시 조천읍 함덕16길 15-13,함덕오일시장 내,33.5405342,126.6682675,2,3,1,0,,,1,,2,2024-11-06
조천읍,제주특별자치도 제주시 조천읍 함덕리 288-14,함덕중학교 남측,33.535389,126.672833,1,2,1,1,,,0,,,2024-11-06
조천읍,제주특별자치도 제주시 조천읍 함덕20길 42,함덕원광어린이집 내,33.5380535,126.6668624,1,2,1,0,,,,,,2024-11-06
한경면,제주특별자치도 제주시 한경면 판포리 2989-1,판포 취락구조,33.3627701,126.1997074,1,4,1,0,1,1,2,1,2,2024-11-06
한경면,제주특별자치도 제주시 한경면 판포리 1986-5,노인회관 주차장,33.3615223,126.2067834,1,4,1,1,1,1,2,1,2,2024-11-06
한경면,제주특별자치도 제주시 한경면 금등리 549-1,금등마을회관 옆,33.3604719,126.1955899,1,4,1,2,1,1,2,1,2,2024-11-06
한경면,제주특별자치도 제주시 한경면 두모리 2962-1,두모리 건강쉼터 주변공간,33.3529583,126.1854508,2,4,1,0,1,1,2,1,2,2024-11-06
한경면,제주특별자치도 제주시 한경면 두모리 1502,한원리 남동 물통,33.3370687,126.1952825,1,4,1,1,1,1,2,1,2,2024-11-06
한경면,제주특별자치도 제주시 한경면 두모리 1270-8,마을 안 길,33.3335945,126.1977337,1,4,1,1,1,1,2,1,2,2024-11-06
한경면,제주특별자치도 제주시 한경면 낙천리 1927,낙천리사무소 주차장,33.3262758,126.2274378,1,4,1,1,1,1,0,1,2,2024-11-06
한경면,제주특별자치도 제주시 한경면 신창리 431,수협 옆,33.347706,126.1829778,1,4,1,1,1,1,0,1,2,2024-11-06
한경면,제주특별자치도 제주시 한경면 조수리 378,리사무소뒤 주차장,33.3373135,126.2286458,1,4,1,0,1,1,1,1,2,2024-11-06
한경면,제주특별자치도 제주시 한경면 저지리 2114-37,저지리 영상센터 옆,33.340191,126.2610425,2,4,1,1,1,1,0,1,2,2024-11-06
한경면,제주특별자치도 제주시 한경면 저지리 1868-3,저지예술정보화마을 뒤 주차장,33.33375,126.255894,1,4,1,1,1,1,2,1,2,2024-11-06
한경면,제주특별자치도 제주시 한경면 저지리 3052-4,명이동(물통오리식당 맞은편 관정),33.3195687,126.2705415,1,4,1,1,1,1,2,1,2,2024-11-06
한경면,제주특별자치도 제주시 한경면 고산리 3616-25,자구내포구 화장실 옆,33.3091191,126.1655368,1,4,1,0,1,1,2,1,2,2024-11-06
한경면,제주특별자치도 제주시 한경면 청수리 1634-1,청수편의점 맞은편,33.3214799,126.2450897,1,4,1,2,1,1,2,1,2,2024-11-06
한경면,제주특별자치도 제주시 한경면 청수리 3277,다목적회관입입구,33.2924707,126.2341285,1,4,1,0,1,1,2,1,2,2024-11-06
한경면,제주특별자치도 제주시 한경면 조수리 4007-2,한경농협창고옆,33.2957381,126.2177647,1,4,1,1,1,1,2,1,2,2024-11-06
한경면,제주특별자치도 제주시 한경면 고산리 1727,칠전동회관 주차장,33.2973234,126.1953971,1,4,1,1,1,1,2,1,2,2024-11-06
한경면,제주특별자치도 제주시 한경면 고산리 1296-6,저류지 접 도로변(서종수),33.3068197,126.1855608,1,4,1,1,1,1,2,1,2,2024-11-06
한경면,제주특별자치도 제주시 한경면 고산리 2825-1,도로변 금성물류 입구쪽,33.3012606,126.1786233,2,4,1,0,1,1,4,1,2,2024-11-06
한경면,제주특별자치도 제주시 한경면 고산리 3818-1,한장동 농협창고 옆,33.2904826,126.1678009,1,4,1,3,,0,1,0,2,2024-11-06
한경면,제주특별자치도 제주시 한경면 용수리 1504,주전동(창고주변),33.3346814,126.1753763,1,4,1,1,1,1,2,1,2,2024-11-06
한경면,제주특별자치도 제주시 한경면 용수리 1111-1,창고옆 공터,33.3330258,126.1795406,1,4,1,0,1,1,2,1,2,2024-11-06
한경면,제주특별자치도 제주시 한경면 신창리 368-1,어촌계창고앞,33.3480972,126.1814815,1,4,1,0,1,1,2,1,2,2024-11-06
한경면,제주특별자치도 제주시 한경면 신창리 565,신창리사무소앞 주차장,33.3456978,126.1809735,1,4,1,1,1,1,2,1,2,2024-11-06
한경면,제주특별자치도 제주시 한경면 판포리 1628-4,,33.368199,126.205417,1,4,1,0,1,1,1,태양광,,2024-11-06
한경면,제주특별자치도 제주시 한경면 고산리 1890-27,리사무소옆(항내물)택시탑승,33.3022181,126.1877857,1,4,1,1,1,1,2,1,2,2024-11-06
한경면,제주특별자치도 제주시 한경면 저지리 1504-6,농협창고(신협맞은편),33.3279138,126.2534643,1,4,1,1,1,1,2,1,2,2024-11-06
한경면,제주특별자치도 제주시 한경면 용수리 4107-4,용수보건소 주차장(리사무소),33.3252079,126.1686713,2,4,1,1,1,1,2,1,2,2024-11-06
한경면,제주특별자치도 제주시 한경면 판포리 2617-1,농협창고옆(중동),33.3585063,126.2030847,1,4,1,0,1,1,2,1,2,2024-11-06
한경면,제주특별자치도 제주시 한경면 고산리 2609-5,한국통신사원아파트앞,33.3075095,126.1788597,1,4,1,1,,0,2,1,2,2024-11-06
한경면,제주특별자치도 제주시 한경면 신창리 18-2,한경농협마트,33.3463604,126.1907733,1,4,1,1,1,1,1,1,2,2024-11-06
한경면,제주특별자치도 제주시 한경면 고산리 2169-4,고산리사무소 옆(좌),33.3030355,126.1826647,1,4,1,1,1,1,2,1,2,2024-11-06
한경면,제주특별자치도 제주시 한경면 고산리 2169-4,고산리사무소 옆(우),33.3030355,126.1826647,1,4,1,2,1,1,0,33번에서,2,2024-11-06
한경면,제주특별자치도 제주시 한경면 고산리 250,농협창고옆(전답동),33.2959382,126.204758,1,3,1,1,1,1,2,1,2,2024-11-06
한경면,제주특별자치도 제주시 한경면 조수리 1302-3,조수교 폐교 주차장(서측),33.3359077,126.2268041,1,3,1,1,,0,0,1,2,2024-11-06
한경면,제주특별자치도 제주시 한경면 저지리 3215-4,명리동 알동네식당 옆골목안,33.3171407,126.2667516,1,4,1,1,,0,1,0,2,2024-11-06
한경면,제주특별자치도 제주시 한경면 성굴로 54-1,신창 신흥동 마을 끝 삼거리(신창리 961-1),33.337099,126.1860107,,,,0,,,,,2,2024-11-06
한경면,제주특별자치도 제주시 한경면 두모리 602-8,북호동 입구 사거리,33.3403008,126.2013251,1,4,1,0,,0,1,0,,2024-11-06
한경면,제주특별자치도 제주시 한경면 두모리 1898-2,파인힐 골목(농협로터리~한원방향),33.3441005,126.1933204,1,4,1,0,,0,0,0,,2024-11-06
한경면,제주특별자치도 제주시 한경면 두모리 1308-7,정자골목쪽,33.334276,126.195383,1,4,1,0,,0,1,0,,2024-11-06
한경면,제주특별자치도 제주시 한경면 금등리 179,수장동회관 동측 삼거리,33.3434095,126.2126357,1,4,1,1,0,0,1,0,2,2024-11-06
한경면,제주특별자치도 제주시 한경면 신창리 1326,싱게물공원,33.3426841,126.174091,1,4,1,2,,0,2,0,2,2024-11-06
한경면,제주특별자치도 제주시 한경면 고산리 1885-13,고학로64가기전도로변(사거리),33.3024899,126.1863481,1,4,1,1,,0,1,0,,2024-11-06
한경면,제주특별자치도 제주시 한경면 고산리 451,신수동방송국입구(신물),33.3028797,126.1981672,1,4,1,1,,0,2,0,2,2024-11-06
한경면,제주특별자치도 제주시 한경면 저지리 1197-1,수동회관,33.3370281,126.2364235,1,4,1,1,,0,1,0,2,2024-11-06
한경면,제주특별자치도 제주시 한경면 판포1길 47,신명동 포구,33.36384,126.1967215,1,4,1,2,0,0,1,0,3,2024-11-06
한경면,제주특별자치도 제주시 한경면 청수리 1566-5,청수카센터,33.3181967,126.2468527,1,4,1,1,,0,1,0,2,2024-11-06
한경면,제주특별자치도 제주시 한경면 청수리 산 2-1,청수리 평화동 농업용물탱크입구,33.3078921,126.2605057,2,4,1,1,,0,2,0,2,2024-11-06
한경면,제주특별자치도 제주시 한경면 금등리 558,마을 안 길(회관 서측길),33.3593374,126.1955624,1,4,1,0,0,0,1,0,,2024-11-06
한경면,제주특별자치도 제주시 한경면 용수리 4117-3,어촌계사무실 옆,33.3239691,126.1664192,1,4,1,1,,0,1,0,2,2024-11-06
한경면,제주특별자치도 제주시 한경면 조수리 4034-2,어멍식당 앞,33.2968428,126.2205405,1,4,1,1,,0,2,0,,2024-11-06
한경면,제주특별자치도 제주시 한경면 조수리 3980-4,불그못로35-2앞(조수리3976-5),33.2942461,126.2149048,1,4,1,0,,0,1,0,,2024-11-06
한경면,제주특별자치도 제주시 한경면 낙천리 458-9,수룡동 농협창고옆,33.3102065,126.2385321,1,4,1,0,,0,1,0,,2024-11-06
한경면,제주특별자치도 제주시 한경면 청수리 2503-2,수룡2길 11,33.3081967,126.2397324,1,4,1,1,,0,1,0,,2024-11-06
한경면,제주특별자치도 제주시 한경면 고산남6길 21,고산2회관 옆골목,33.3013475,126.191175,1,4,1,2,,0,1,0,,2024-11-06
한경면,제주특별자치도 제주시 한경면 조수리 1553,조수약천교회옆 도로변,33.3310913,126.2247881,1,4,1,1,,0,1,0,,2024-11-06
한경면,제주특별자치도 제주시 한경면 두모리 2876-4,한경철물 앞 공터,33.3513639,126.1840286,1,4,1,1,0,0,1,0,2,2024-11-06
한경면,제주특별자치도 제주시 한경면 낙천리 1403-2,낙천안~수룡동방면(이음빌리지),33.3112771,126.2325633,1,4,1,1,,0,1,0,,2024-11-06
한경면,제주특별자치도 제주시 한경면 판포리 1707,판포어촌계 식당 앞,33.3651444,126.2009339,1,4,1,0,0,0,1,0,,2024-11-06
한경면,제주특별자치도 제주시 한경면 판포리 726,판포 산8번지 비체올린 입구,33.3485924,126.2180058,2,4,1,0,0,0,0,0,,2024-11-06
한경면,제주특별자치도 제주시 한경면 금등리 639,IGH호델입구,33.3638434,126.1940667,1,4,1,0,0,0,0,0,,2024-11-06
한경면,제주특별자치도 제주시 한경면 금등리 649-3,금등양식장 진입로 삼거리,33.3618751,126.1900002,1,4,1,1,0,0,1,0,,2024-11-06
한경면,제주특별자치도 제주시 한경면 두모리 2608,두모방파제 공유수면,33.3575972,126.1821429,1,4,1,2,0,0,2,0,2,2024-11-06
한경면,제주특별자치도 제주시 한경면 두모리 2818-1,광어양식장 공유수면,33.3510903,126.1806654,1,4,1,2,0,0,1,0,,2024-11-06
한경면,제주특별자치도 제주시 한경면 신창리 233-1,한경주유소 앞,33.3499933,126.1845211,1,4,1,1,,0,2,0,,2024-11-06
한경면,제주특별자치도 제주시 한경면 신창리 193-2,상동(창고 맞은편)한경농협쪽,33.3482297,126.1879258,1,4,1,0,,0,1,0,,2024-11-06
한경면,제주특별자치도 제주시 한경면 두신로 72,신창초중학교 주차장,33.3493707,126.1834086,1,4,1,1,,0,0,0,,2024-11-06
한경면,제주특별자치도 제주시 한경면 용수리 3897-2,용당양식장 해안,33.3346555,126.1636349,,,,1,,,0,,,2024-11-06
한경면,제주특별자치도 제주시 한경면 녹차분재로 678,생각하는 정원,33.3262472,126.2556097,1,4,1,0,0,0,0,0,,2024-11-06
한경면,제주특별자치도 제주시 한경면 청수리 416-1,저청초등학교안 주차장,33.3259741,126.2520189,1,4,1,0,,0,0,0,,2024-11-06
한경면,제주특별자치도 제주시 한경면 저지리 2114-79,현대미술관 인근,33.3399859,126.2646116,1,4,1,0,,0,0,0,,2024-11-06
한경면,제주특별자치도 제주시 한경면 녹차분재로 354,비밀의 정원(유리성~녹차밭사이),33.3085948,126.2822413,1,4,1,0,,0,0,0,,2024-11-06
한경면,제주특별자치도 제주시 한경면 녹차분재로 594-1,환상숲,33.3224613,126.26371,1,4,1,0,,0,0,0,,2024-11-06
한경면,제주특별자치도 제주시 한경면 청수서5길 55-1,평화박물관 입구,33.3056446,126.2504035,1,4,1,1,,0,1,0,,2024-11-06
한경면,제주특별자치도 제주시 한경면 청수동4길 30,애서원 입구,33.319932,126.2504525,1,4,1,0,,0,1,0,,2024-11-06
한경면,제주특별자치도 제주시 한경면 낙수로 271-40,청수 캠핑장(펜션),33.3235701,126.2383078,1,4,1,0,,0,0,0,,2024-11-06
한경면,제주특별자치도 제주시 한경면 청수서2길 72-15,청수타운하우스 인근,33.3126358,126.2433061,1,4,1,0,,0,1,0,,2024-11-06
한경면,제주특별자치도 제주시 한경면 고산리 3616-11,자구내 (해양파출소),33.3082891,126.1643187,1,4,1,2,,0,1,0,,2024-11-06
한경면,제주특별자치도 제주시 한경면 고산리 2916,뷰티고 주차장,33.3003246,126.1806007,2,4,1,0,,0,0,0,,2024-11-06
한경면,제주특별자치도 제주시 한경면 고산남3길 31,원광요양원앞,33.3048448,126.1892274,1,4,1,0,,0,1,0,,2024-11-06
한경면,제주특별자치도 제주시 한경면 수룡2길 31,수룡동 마을 안길 끝,33.3075984,126.2412582,1,4,1,0,,0,1,0,,2024-11-06
추자면,제주특별자치도 제주시 추자면 추자로 4-1,여정여관 앞,33.9627423,126.2976929,2,2,1,0,1,1,,1,1,2024-11-06
추자면,제주특별자치도 제주시 추자면 추자로 16-2,제일식당 앞,33.9634213,126.2972436,2,2,1,0,1,1,,1,1,2024-11-06
추자면,제주특별자치도 제주시 추자면 대서리 147-2,솔잎가든식당 앞,33.9626319,126.295353,2,2,1,0,1,1,,1,,2024-11-06
추자면,제주특별자치도 제주시 추자면 대서리 147-16,대서리사무소 앞,33.9624867,126.2944387,2,2,1,0,1,1,,1,,2024-11-06
추자면,제주특별자치도 제주시 추자면 대서리 19-2,추자면사무소 옆,33.9638368,126.296398,2,2,1,0,1,1,,1,,2024-11-06
추자면,제주특별자치도 제주시 추자면 영흥리 367-14,영흥리 광장 서쪽,33.9598366,126.2966562,2,2,1,0,,,,,,2024-11-06
추자면,제주특별자치도 제주시 추자면 영흥리 367-14,영흥리 광장 동쪽,33.9596703,126.2971531,2,2,1,0,1,1,,1,,2024-11-06
추자면,제주특별자치도 제주시 추자면 묵리 731-6,묵리포구 인근,33.9447156,126.312609,2,2,1,0,1,1,,0,,2024-11-06
추자면,제주특별자치도 제주시 추자면 영흥리 325-5,추자청소년문화의집 서쪽,33.9614231,126.292483,2,2,1,0,1,1,,1,,2024-11-06
추자면,제주특별자치도 제주시 추자면 영흥1길 2-15,해군부대아파트 내,33.9607757,126.2942077,2,2,1,0,1,1,,0,,2024-11-06
추자면,제주특별자치도 제주시 추자면 추자로 389-10,묵리경로당 앞,33.9450012,126.3148805,2,2,1,0,1,1,,1,,2024-11-06
추자면,제주특별자치도 제주시 추자면 신양리 841-2,신양2리 마을길,33.9406751,126.3221024,2,2,1,0,1,1,,1,,2024-11-06
추자면,제주특별자치도 제주시 추자면 추자로 501,장작평사 삼거리,33.9403965,126.3236422,2,2,1,0,1,1,,1,,2024-11-06
추자면,제주특별자치도 제주시 추자면 추자로 550,하추자 추자도수협 옆,33.944661,126.3266875,1,2,1,0,1,1,,1,,2024-11-06
추자면,제주특별자치도 제주시 추자면 추자로 576,신양1리 해녀탈의장 옆,33.9453322,126.32768,2,2,1,0,1,1,,1,,2024-11-06
추자면,제주특별자치도 제주시 추자면 신양2길 28-8,하추자 신양항 뒤편,33.9450766,126.3294519,2,2,1,0,1,1,,1,,2024-11-06
추자면,제주특별자치도 제주시 추자면 신양4길 18,추자피싱랜드민박 앞,33.9475042,126.3324158,2,2,1,0,1,1,,1,,2024-11-06
추자면,제주특별자치도 제주시 추자면 예초리 200-7,예초리마을 광장,33.9554889,126.3324644,2,2,1,0,1,1,,1,,2024-11-06
추자면,제주특별자치도 제주시 추자면 대서리 83-1,추자체육관 서쪽,33.9635907,126.2934873,2,2,1,0,1,1,,1,1,2024-11-06
추자면,제주특별자치도 제주시 추자면 묵리 134-1,쌍림파크 앞,33.9411428,126.3177839,1,1,1,0,,,,1,,2024-11-06
추자면,제주특별자치도 제주시 추자면 신양리 839-1,전우실업 사원아파트입구,33.9405113,126.3225793,1,1,1,0,,,,1,,2024-11-06
우도면,제주특별자치도 제주시 우도면 연평리 1401-3,중앙공원 주차장,33.5079793,126.9540304,2,4,1,1,,,,1,2,2024-11-06
우도면,제주특별자치도 제주시 우도면 연평리 2391-1,하우목동항 대합실옆,33.5097531,126.9428909,3,3,1,1,,,,1,2,2024-11-06
우도면,제주특별자치도 제주시 우도면 연평리 2072-2,산호사 상우목동,33.503669,126.9467225,2,3,1,0,1,1,,1,2,2024-11-06
우도면,제주특별자치도 제주시 우도면 연평리 5-1,안비양 공중화장실옆,33.5146945,126.9687824,1,2,1,0,1,1,,0,,2024-11-06
우도면,제주특별자치도 제주시 우도면 연평리 926,오봉리 삼양동,33.518753,126.9519373,1,2,1,0,1,1,,1,2,2024-11-06
우도면,제주특별자치도 제주시 우도면 연평리 890-2,오봉리 전흘동 광장,33.5192509,126.9498127,2,3,1,1,1,1,,1,2,2024-11-06
우도면,제주특별자치도 제주시 우도면 우도해안길 1122,검멀레주차장내,33.4976855,126.9685657,2,4,0,0,1,1,,1,2,2024-11-06
우도면,제주특별자치도 제주시 우도면 연평리 2650-1,하얀산호식당 동측,33.4942629,126.9460026,2,1,1,0,1,1,,1,2,2024-11-06
우도면,제주특별자치도 제주시 우도면 연평리 1675-3,우도파출소앞,33.4947203,126.9526827,1,2,1,0,1,1,,1,2,2024-11-06
우도면,제주특별자치도 제주시 우도면 연평리 243,영일동 버스정류소앞,33.5021269,126.9667662,1,2,1,0,1,1,,1,2,2024-11-06
우도면,제주특별자치도 제주시 우도면 주흥1길 19-3,오봉리 산물통 옆,33.5156103,126.9495892,2,1,1,0,1,1,,1,2,2024-11-06
우도면,제주특별자치도 제주시 우도면 연평리 1604-3,천진리 소공원앞,33.496784,126.9533004,1,2,1,0,1,1,,1,2,2024-11-06
우도면,제주특별자치도 제주시 우도면 연평리 208-1,영일동 마을회관 아래,33.5027593,126.9643847,2,1,1,0,1,1,,1,2,2024-11-06
우도면,제주특별자치도 제주시 우도면 연평리 1735-3,동천진동해녀탈의실앞,33.4922878,126.9526729,3,2,1,0,1,1,,1,2,2024-11-06
우도면,제주특별자치도 제주시 우도면 연평리 1830-2,서천진동 물통앞,33.4964094,126.9487429,1,2,1,0,1,1,,1,2,2024-11-06
우도면,제주특별자치도 제주시 우도면 연평리 638-3,재활용도움센터 옆,33.5109982,126.9602123,5,0,0,0,,,,0,4,2024-11-06
우도면,제주특별자치도 제주시 우도면 우도비양길 83,직원관사앞,33.5092446,126.9621172,,,,0,,,,,2,2024-11-06
우도면,제주특별자치도 제주시 우도면 연평리 1203-2,하고수동 물통 옆,33.5157707,126.9561402,,,,0,,,,,,2024-11-06
일도1동,제주특별자치도 제주시 중앙로7길 15,일도1동주민센터 앞,33.5149537,126.5264303,4,5,1,1,1,1,2,1,3,2024-11-06
일도1동,제주특별자치도 제주시 산지로 37,제주기상청 앞,33.5137425,126.5287198,2,4,1,1,1,1,2,1,3,2024-11-06
일도1동,제주특별자치도 제주시 신산로2길 8,영미식당 동쪽,33.5124736,126.5310682,2,4,1,1,1,1,2,1,3,2024-11-06
일도1동,제주특별자치도 제주시 동문로6길 14,동문시장 공영주차장 남쪽,33.5119657,126.5287454,,8,1,2,1,1,0,1,3,2024-11-06
일도1동,제주특별자치도 제주시 동문로6길 14,동문시장 공영주차장 남쪽,33.5119657,126.5287454,6,,1,1,1,1,4,1,4,2024-11-06
일도1동,제주특별자치도 제주시 동문로6길 17-3,남안아파트 동쪽,33.5115006,126.5291598,3,2,1,1,1,1,2,1,3,2024-11-06
일도1동,제주특별자치도 제주시 일도일동 1049-1,봉해장국 서쪽,33.5116339,126.5302253,2,3,1,1,1,1,2,1,3,2024-11-06
일도1동,제주특별자치도 제주시 관덕로13길 12,칠성상가 제1공영주차장,33.5140835,126.5260672,3,4,1,1,,,3,1,3,2024-11-06
일도1동,제주특별자치도 제주시 중앙로 38,빈폴스포츠 사거리 유료주차장 앞 ,33.5149308,126.5244589,2,4,1,0,1,1,1,1,2,2024-11-06
일도2동,제주특별자치도 제주시 일도이동 1029-22,신산경로당 앞 주차장,33.5100022,126.5313042,2,3,1,0,1,1,2,1,2,2024-11-06
일도2동,제주특별자치도 제주시 삼성로5길 9,기산아파트 북측 울타리,33.507312,126.5288034,3,3,1,1,0,0,3,1,2,2024-11-06
일도2동,제주특별자치도 제주시 일도이동 1036-6,일도국수 동측,33.5073923,126.5310374,3,3,1,1,1,1,3,1,2,2024-11-06
일도2동,제주특별자치도 제주시 신산로8길 9-2,공영주차장 내,33.5088018,126.5323211,2,2,1,0,0,0,0,0,,2024-11-06
일도2동,제주특별자치도 제주시 일도이동 1029-28,동문성당 정문 앞,33.5108128,126.5308399,3,3,1,1,1,1,4,1,2,2024-11-06
일도2동,제주특별자치도 제주시 일도이동 1006-20,(구)중앙병원 남측,33.5115934,126.5344957,3,2,1,1,1,1,3,1,2,2024-11-06
일도2동,제주특별자치도 제주시 동문로20길 2,킹마트 동측,33.5134308,126.5364159,3,4,1,1,1,1,2,1,2,2024-11-06
일도2동,제주특별자치도 제주시 일도이동 601-5,(구)조흥골프연습장 서측,33.5129559,126.5373436,2,2,1,1,1,1,2,1,2,2024-11-06
일도2동,제주특별자치도 제주시 일도이동 984-3,시농협 북측,33.5121715,126.5367541,3,2,1,1,1,1,2,1,2,2024-11-06
일도2동,제주특별자치도 제주시 일도이동 1020-1,공영주차장 옆,33.5103211,126.5329944,,,,0,,,,1,2,2024-11-06
일도2동,제주특별자치도 제주시 고마로 36,한국타이어앞,33.5109873,126.5384714,2,3,1,1,1,1,4,1,2,2024-11-06
일도2동,제주특별자치도 제주시 신산로9길 41,일도2동복지회관앞,33.5101895,126.5373234,2,2,1,1,1,1,4,1,2,2024-11-06
일도2동,제주특별자치도 제주시 일도이동 318,신산미화아파트 남측,33.5098878,126.5370291,3,2,1,0,1,1,2,1,2,2024-11-06
일도2동,제주특별자치도 제주시 신산로9길 24,서반일도빌라 앞,33.5086363,126.5357386,3,2,1,1,1,1,3,1,2,2024-11-06
일도2동,제주특별자치도 제주시 일도이동 875,영상미디어센터 내,33.505111,126.5354962,2,2,1,1,0,1,3,1,2,2024-11-06
일도2동,제주특별자치도 제주시 일도이동 337,16호 공원 남측,33.5067163,126.5363937,2,4,2,1,0,1,2,1,2,2024-11-06
일도2동,제주특별자치도 제주시 일도이동 337,16호 공원 북측,33.5071946,126.5363411,2,2,1,1,1,1,3,1,2,2024-11-06
일도2동,제주특별자치도 제주시 신산로15길 35,인화초 동쪽,33.5080733,126.5382229,3,4,1,1,1,1,4,1,2,2024-11-06
일도2동,제주특별자치도 제주시 신산로13길 30,인화초 정문 동쪽,33.5073246,126.5389049,3,2,1,1,1,1,4,1,2,2024-11-06
일도2동,제주특별자치도 제주시 동문로14길 16-1,두맹이 복지회관 앞,33.5121172,126.5333451,2,2,1,1,0,0,3,1,2,2024-11-06
일도2동,제주특별자치도 제주시 일도이동 322,동부교회 맞은편,33.5114813,126.5401367,3,2,1,1,1,1,4,1,2,2024-11-06
일도2동,제주특별자치도 제주시 동문로 124,사라봉회관 앞,33.5138535,126.5394545,2,2,1,1,1,1,2,1,2,2024-11-06
일도2동,제주특별자치도 제주시 동문로 124,사라봉회관 앞,33.5138535,126.5394545,2,2,1,1,1,1,0,1,1,2024-11-06
일도2동,제주특별자치도 제주시 동문로 146,삼화빌라 동측,33.5131823,126.5420049,2,2,1,1,1,1,2,1,2,2024-11-06
일도2동,제주특별자치도 제주시 일도이동 154,공원13호 서쪽,33.5115028,126.5416928,5,0,1,0,0,0,0,1,1,2024-11-06
일도2동,제주특별자치도 제주시 일도이동 154,공원13호 동쪽,33.5115813,126.5417038,0,3,0,1,1,1,4,1,1,2024-11-06
일도2동,제주특별자치도 제주시 고마로13길 41,성환아파트서쪽,33.5109585,126.5418946,2,2,1,1,1,1,3,1,2,2024-11-06
일도2동,제주특별자치도 제주시 동광로23길 15,영락교회뒤,33.5108428,126.5428247,2,3,1,1,1,1,3,1,2,2024-11-06
일도2동,제주특별자치도 제주시 일도이동 355-8,15호 어린이공원 북측,33.5091753,126.5403339,5,0,2,0,1,1,0,1,1,2024-11-06
일도2동,제주특별자치도 제주시 일도이동 355-8,15호 어린이공원 북측,33.5091753,126.5403339,0,4,0,1,0,0,4,1,2,2024-11-06
일도2동,제주특별자치도 제주시 고마로14길 16,용인아파트입구,33.5056671,126.5394625,2,3,1,0,1,1,2,1,2,2024-11-06
일도2동,제주특별자치도 제주시 일도이동 414,공원 19호 북측,33.5044172,126.5414229,3,3,2,1,0,1,2,1,2,2024-11-06
일도2동,제주특별자치도 제주시 동문로16길 40,효성전기 북측,33.5107037,126.5358443,3,2,1,0,0,0,3,1,2,2024-11-06
일도2동,제주특별자치도 제주시 일도이동 397,17호 공원 서측,33.5081001,126.5434238,2,3,1,1,1,1,2,1,2,2024-11-06
일도2동,제주특별자치도 제주시 일도이동 397,17호 공원 동측,33.5084263,126.5438074,2,3,1,1,1,1,2,1,2,2024-11-06
일도2동,제주특별자치도 제주시 일도이동 45,한진수학학원 남측,33.5073405,126.5458281,2,3,1,1,1,1,2,1,2,2024-11-06
일도2동,제주특별자치도 제주시 일도이동 405-3,18호 공원 북측,33.5065365,126.5430396,0,3,1,0,0,1,1,1,1,2024-11-06
일도2동,제주특별자치도 제주시 일도이동 405-3,18호 공원 북측,33.5065365,126.5430396,3,0,0,1,1,1,2,1,1,2024-11-06
일도2동,제주특별자치도 제주시 일도이동 405-3,18호 공원 남측,33.5059626,126.5437188,4,3,1,1,1,1,2,1,2,2024-11-06
일도2동,제주특별자치도 제주시 고마로19길 5,서해1차아파트 입구,33.5049022,126.5422748,3,4,1,1,0,1,4,1,2,2024-11-06
일도2동,제주특별자치도 제주시 일도이동 511,영락교회 맞은편 공영주차장 북동측,33.5121807,126.5439545,2,2,1,1,1,1,2,1,2,2024-11-06
일도2동,제주특별자치도 제주시 일도이동 65,공원41호 북측,33.5026343,126.5447015,4,2,1,1,1,1,4,1,2,2024-11-06
일도2동,제주특별자치도 제주시 연수로3길 6,구 뉴월드 마트 서측,33.5022208,126.5436411,0,3,0,1,1,1,2,1,2,2024-11-06
일도2동,제주특별자치도 제주시 일도이동 65,공원41호 남측,33.5018339,126.5447988,4,0,1,1,1,1,0,1,2,2024-11-06
일도2동,제주특별자치도 제주시 일도이동 87-6,동광성당 동측,33.5001438,126.546451,2,2,1,1,1,1,2,1,2,2024-11-06
일도2동,제주특별자치도 제주시 태성로4길 23,공원42호 동측,33.5001906,126.547603,3,2,1,1,1,1,2,1,2,2024-11-06
일도2동,제주특별자치도 제주시 일도이동 88-1,공원42번 서측 주차장,33.499814,126.5469274,3,2,1,1,1,1,2,1,2,2024-11-06
일도2동,제주특별자치도 제주시 일도이동 88-1,"제주신보 남측, 53번 옆",33.499814,126.5469274,3,2,1,1,1,1,2,1,2,2024-11-06
일도2동,제주특별자치도 제주시 태성로2길 5,"태성로2길 5, 동광공영주차장 내",33.499852,126.545447,2,1,,1,,,2,,,2024-11-06
일도2동,제주특별자치도 제주시 신산로15길 41,인화초교 체육관 옆,33.5076643,126.5368577,1,1,1,0,0,0,2,1,2,2024-11-06
일도2동,제주특별자치도 제주시 고마로9길 18,세기신산시장아파트 동측,33.5106305,126.5413573,2,2,1,0,0,0,0,0,2,2024-11-06
일도2동,제주특별자치도 제주시 고마로9길 18,세기신산시장아파트 서측,33.5104883,126.5406601,2,2,1,1,1,1,3,1,2,2024-11-06
일도2동,제주특별자치도 제주시 천수동로 24,천수대홍아파트 서측,33.5082472,126.5451716,2,2,1,1,0,0,2,1,2,2024-11-06
이도1동,제주특별자치도 제주시 동광로11길 5,(구)황금불가마 동측,33.5037691,126.5343901,3,3,1,1,1,1,3,1,3,2024-11-06
이도1동,제주특별자치도 제주시 동광로7길 16-28,알리바바커피 남측,33.5038972,126.5326452,3,3,1,1,1,1,3,1,3,2024-11-06
이도1동,제주특별자치도 제주시 동광로9길 39,국일건재사 옆,33.5045343,126.5306149,3,3,1,1,1,1,2,1,4,2024-11-06
이도1동,제주특별자치도 제주시 동광로1길 15,광양초등학교 서측,33.5021437,126.5289573,4,6,3,1,1,1,3,1,3,2024-11-06
이도1동,제주특별자치도 제주시 광양1길 8,상록회관 동측,33.5043861,126.5277909,2,4,1,1,1,1,1,1,3,2024-11-06
이도1동,제주특별자치도 제주시 광양1길 34,광양성당 북측,33.5033931,126.5293207,2,4,1,1,1,1,3,1,3,2024-11-06
이도1동,제주특별자치도 제주시 오현길 9,신세계아파트 남측,33.505919,126.5280169,2,4,1,1,1,1,3,1,3,2024-11-06
이도1동,제주특별자치도 제주시 중앙로25길 17,주민센터 남측,33.5065692,126.5271277,2,4,2,1,1,1,3,1,4,2024-11-06
이도1동,제주특별자치도 제주시 고전길 15-1,태선갈비 북측 주차장 옆,33.507338,126.5253028,2,4,1,1,1,1,2,1,3,2024-11-06
이도1동,제주특별자치도 제주시 중앙로23길 26,삼성미화아파트 북측,33.5077186,126.527299,2,3,1,1,1,1,3,1,3,2024-11-06
이도1동,제주특별자치도 제주시 중앙로21길 29,삼성아파트 동측,33.5084386,126.5272464,3,3,1,0,1,1,2,1,2,2024-11-06
이도1동,제주특별자치도 제주시 고전길 26,시민회관 서측,33.5081527,126.5248012,2,4,2,1,1,1,2,1,3,2024-11-06
이도1동,제주특별자치도 제주시 오현길 49,국립제주검역소 남측,33.5093192,126.5261388,2,4,1,1,1,1,3,1,3,2024-11-06
이도1동,제주특별자치도 제주시 중앙로17길 7,장원아이비아파트 북측,33.5091883,126.5241563,2,4,1,1,1,1,2,1,3,2024-11-06
이도1동,제주특별자치도 제주시 오현길 63,오현단 북측,33.5108725,126.5257306,3,6,1,1,1,1,3,1,2,2024-11-06
이도1동,제주특별자치도 제주시 성지로 7,제주성지 북측,33.5098359,126.5246185,2,3,1,1,1,1,3,1,3,2024-11-06
이도1동,제주특별자치도 제주시 서광로29길 38,KT 앞,33.5037023,126.5261128,3,5,2,1,,,3,1,3,2024-11-06
이도1동,제주특별자치도 제주시 광양2길 25,양암타워빌 앞,33.5027546,126.5272615,3,6,5,1,1,1,4,1,4,2024-11-06
이도1동,제주특별자치도 제주시 서광로29길 17,참사랑문화의집 북측,33.5019072,126.5264089,2,4,1,1,1,1,2,1,3,2024-11-06
이도1동,제주특별자치도 제주시 서광로27길 2,극동주유소 북측,33.5007083,126.5252227,5,,2,1,1,1,2,1,2,2024-11-06
이도1동,제주특별자치도 제주시 서광로27길 2,극동주유소 북측,33.5007083,126.5252227,,6,,0,,,,1,2,2024-11-06
이도1동,제주특별자치도 제주시 오현길 81,동문수산시장 주차장 내,33.5119497,126.5249712,3,6,4,2,1,1,7,1,5,2024-11-06
이도1동,제주특별자치도 제주시 관덕로8길 31,영흥반점 남측,33.5103801,126.5234822,3,3,1,1,1,1,2,1,2,2024-11-06
이도2동,제주특별자치도 제주시 일도2동 857-3 ,동부경찰서 북서측 다리옆,33.5032606,126.5349909,3,2,1,1,1,1,3,1,3,2024-11-06
이도2동,제주특별자치도 제주시 동광로4길 3,제주시 보훈회관 옆,33.5011302,126.5312771,3,3,2,1,1,1,3,1,2,2024-11-06
이도2동,제주특별자치도 제주시 광양9길 26,(시청5별관 동측),33.5005389,126.5325012,4,4,2,1,1,1,3,1,2,2024-11-06
이도2동,제주특별자치도 제주시 광양11길 12,광양11길 10-1(이도2동 1178-7 시청본관 뒤),33.4994874,126.5314471,4,5,2,1,1,1,2,1,2,2024-11-06
이도2동,제주특별자치도 제주시 광양11길 12  ,광양11길 10-1(이도2동 1178-7 시청본관 뒤),33.4994874,126.5314471,,,,0,1,1,,1,,2024-11-06
이도2동,제주특별자치도 제주시 광양11길24,광양11길24(이도2동1177-5 시청제2별관 뒤),33.4999663,126.5322826,3,2,1,1,1,1,2,1,2,2024-11-06
이도2동,제주특별자치도 제주시 이도이동 1046,가령로 58(한국전력공사 주전력소 서측 공원 남측),33.4986258,126.5363632,4,4,2,1,1,1,3,1,2,2024-11-06
이도2동,제주특별자치도 제주시 이도이동 1046,가령로 58(한국전력공사 주전력소 서측 공원 남측),33.4986258,126.5363632,,,,0,1,1,,1,,2024-11-06
이도2동,제주특별자치도 제주시 이도이동 1085-9,고산동산5길 24(이도2동주민센터 앞 공영주차장 남측),33.4966409,126.5350989,6,4,2,1,1,1,3,1,2,2024-11-06
이도2동,제주특별자치도 제주시 이도이동 1053,(동주민센터 서측 공원 북측),33.4971081,126.5341309,3,2,2,1,1,1,2,1,2,2024-11-06
이도2동,제주특별자치도 제주시 이도이동 1032 ,고산동산 3길 24(굿모닝아파트 삼거리),33.4980006,126.5333967,3,2,1,1,1,1,3,1,2,2024-11-06
이도2동,제주특별자치도 제주시 중앙로 270-4,(아람가든 앞 공영주차장 동측),33.4957736,126.5317032,6,5,2,1,1,1,3,1,3,2024-11-06
이도2동,제주특별자치도 제주시 신성로12길 17  ,(아람가든 앞 공영주차장 서측),33.4956341,126.53121,3,2,1,1,1,1,3,1,2,2024-11-06
이도2동,제주특별자치도 제주시 도남로13길 4,(도남동 82-2 도남우체국북측),33.4927727,126.5286317,3,2,2,1,1,1,3,1,2,2024-11-06
이도2동,제주특별자치도 제주시 신설동길 17  ,신설동길 17번지 보영캐슬 앞,33.4970566,126.5481437,2,2,1,1,1,1,3,1,2,2024-11-06
이도2동,제주특별자치도 제주시 가령골1길 5,가령골1길 5 (영보맨션 삼거리),33.5033198,126.5377073,2,3,1,1,1,1,4,1,2,2024-11-06
이도2동,제주특별자치도 제주시 청귤로 15 ,"청귤로 15 (이도2동 375-1 공원,남춘식당앞 공원)",33.4997734,126.53806,2,3,2,1,1,1,3,1,2,2024-11-06
이도2동,제주특별자치도 제주시 청귤로7길 4,청귤로 7길2(색동나라어린이집 남측),33.4987208,126.5391316,2,3,2,1,1,1,2,1,2,2024-11-06
이도2동,제주특별자치도 제주시 이도이동 325-8,천수로 33(동여중 남동측),33.5030671,126.5410594,3,4,2,1,,,2,1,2,2024-11-06
이도2동,제주특별자치도 제주시 이도이동 367-10  ,청귤로1길 40(월드컵식당 남동측(동여중 서측 하천 건너편)),33.501946,126.5391463,3,2,2,1,1,1,4,1,2,2024-11-06
이도2동,제주특별자치도 제주시 가령로 33  ,동광양가압장 남측(71번 옆),33.5012446,126.5369453,4,,2,1,1,1,3,1,2,2024-11-06
이도2동,제주특별자치도 제주시 가령로 33  ,동광양가압장 남측(70번 옆),33.5012446,126.5369453,,5,,0,1,1,,1,,2024-11-06
이도2동,제주특별자치도 제주시 이도공원길 44-21,(이도근린공원 남동측(애니카랜드 맞은편)),33.4973114,126.5450221,2,1,1,0,1,1,2,1,2,2024-11-06
이도2동,제주특별자치도 제주시 이도공원길 37  ,이도공원길 37(대한불교태고종제주교구성심사 맞은편),33.4979639,126.5441611,2,2,2,1,1,1,3,1,2,2024-11-06
이도2동,제주특별자치도 제주시 정든로1길 18,정든로1길 18(제주마린 뒤 하천산책로변),33.4990795,126.5415892,2,2,2,1,1,1,2,1,2,2024-11-06
이도2동,제주특별자치도 제주시 이도이동 404  ,정든로 106(영산홍주택 북동측 공원 동측 다리 인근),33.4972527,126.5410608,4,3,2,1,1,1,3,1,2,2024-11-06
이도2동,제주특별자치도 제주시 이도이동 404  ,정든로 106(영산홍주택 북동측 공원 동측 다리 인근),33.4972527,126.5410608,,,,0,1,1,,1,,2024-11-06
이도2동,제주특별자치도 제주시 정든로3길 6,정든로3길 9(제주소년소녀합창단 남측),33.4975594,126.5415174,2,2,1,0,1,1,2,1,2,2024-11-06
이도2동,제주특별자치도 제주시 정든로3길 28,정든로3길 28(제주일보동부지구 코너),33.4992509,126.5418819,2,2,2,1,1,1,2,1,2,2024-11-06
이도2동,제주특별자치도 제주시 정든로 61  ,정든로 61 (지방노동사무소 주차장 서측),33.4993124,126.5442211,2,2,2,1,1,1,3,1,2,2024-11-06
이도2동,제주특별자치도 제주시 신설동길 99  ,신설동길100(신설동수선화시영 연립 다동 앞),33.4911445,126.5516293,2,2,1,0,1,1,3,1,2,2024-11-06
이도2동,제주특별자치도 제주시 신설동길 82   ,신설동길 82 (신설동 경로당),33.4920236,126.5511291,2,2,1,1,1,1,2,1,2,2024-11-06
이도2동,제주특별자치도 제주시 신설로7길 57,신설로5길 38 (한마음병원 남측 공원),33.4956763,126.5469449,2,3,2,1,1,1,3,1,2,2024-11-06
이도2동,제주특별자치도 제주시 이도이동 1954-4,한마음병원 남측 탐나마트 인근(이도이동 1955-4인근),33.4941542,126.5469801,3,4,2,1,1,1,4,1,2,2024-11-06
이도2동,제주특별자치도 제주시 이도이동 1960-3  ,한마음병원남서쪽 굿모닝케어 인근(무료 주차장 내),33.4938704,126.5453795,6,,2,1,1,1,5,1,2,2024-11-06
이도2동,제주특별자치도 제주시 이도이동 1960-3,한마음병원남서쪽 굿모닝케어 인근(무료 주차장 내),33.4938704,126.5453795,,5,,0,1,1,,1,,2024-11-06
이도2동,제주특별자치도 제주시 신설동길 66 ,신설동길 66 (연북로 동측(신설동로 교차지점),33.493711,126.5503714,2,2,1,0,1,1,3,1,2,2024-11-06
이도2동,제주특별자치도 제주시 이도이동 450-8,승천로 22(일중 후문 입구),33.4958585,126.5394453,4,4,2,2,,,4,1,2,2024-11-06
이도2동,제주특별자치도 제주시 오복2길 27 ,오복2길 27(이도2동950-1장미2차A맞은편),33.4935967,126.5365453,6,,2,1,1,1,3,1,2,2024-11-06
이도2동,제주특별자치도 제주시 오복2길 27,오복2길 27(이도2동950-1장미2차A맞은편),33.4935967,126.5365453,,5,,0,1,1,,1,,2024-11-06
이도2동,제주특별자치도 제주시 남광북3길 18-15,남광북3길 18-15(경원빌라 맞은편 공원 동측),33.4941656,126.5371156,2,3,2,1,1,1,2,1,2,2024-11-06
이도2동,제주특별자치도 제주시 이도이동 1994-1 ,이도이동 1993-1(남광초등학교 서측 주차장),33.4925909,126.5387122,3,2,1,1,1,1,2,1,2,2024-11-06
이도2동,제주특별자치도 제주시 이도이동 1992-7 ,남광로2길 7(이도2동 1992-7소방서 사거리 LPG충전소 동남측),33.4916282,126.5377891,3,4,2,1,1,1,4,1,2,2024-11-06
이도2동,제주특별자치도 제주시 이도이동 1982-17,이도2동 1986-5(21세기 병원 동측 공영주차장),33.4890119,126.5402457,4,2,2,1,1,1,3,1,2,2024-11-06
이도2동,제주특별자치도 제주시 이도이동 1982-17,이도2동 1986-5(21세기 병원 동측 공영주차장),33.4890119,126.5402457,,5,,0,1,1,,1,,2024-11-06
이도2동,제주특별자치도 제주시 이도이동 1982-3   ,남광로 2길 49-27(탐라중학교 서측 옛 황금갈비 무료주차장 119번 옆),33.4905288,126.5429956,5,,2,1,1,1,3,1,3,2024-11-06
이도2동,제주특별자치도 제주시 이도이동 1982-3 ,남광로 2길 49-27(탐라중학교 서측 옛 황금갈비 무료주차장 56번 옆),33.4905288,126.5429956,,5,,0,1,1,,1,,2024-11-06
이도2동,제주특별자치도 제주시 이도이동 1977-7,남광로4길 33(중앙여고 동쪽 주차장),33.491173,126.5407181,3,4,1,1,1,1,4,1,2,2024-11-06
이도2동,제주특별자치도 제주시 신설로 16  ,신설로 16 (한마음공원 서측 인도변),33.4944511,126.5434898,1,3,2,1,1,1,3,1,2,2024-11-06
이도2동,제주특별자치도 제주시 이도이동 1968-5,신설로2길 9 (혜성무지개 타운 맞은편 무료주차장),33.4945358,126.5422285,5,4,4,2,1,1,3,1,2,2024-11-06
이도2동,제주특별자치도 제주시 아라이동 3002-9,신설로6길 2-11(이도농협 동측 주차장),33.4926533,126.5432307,4,3,2,1,1,1,3,1,2,2024-11-06
이도2동,제주특별자치도 제주시 이도이동 2021-12 ,구남로6길55-1 (광명광고 북측 주차장),33.4863339,126.5375548,5,,1,1,1,1,3,1,2,2024-11-06
이도2동,제주특별자치도 제주시 이도이동 2021-12,구남로6길55-1 (광명광고 북측 주차장),33.4863339,126.5375548,,5,,0,1,1,,1,,2024-11-06
이도2동,제주특별자치도 제주시 이도이동 2013-1  ,구남동 6길 31 이도어린이집 인근 공원 앞,33.4881034,126.5363558,3,5,2,0,1,1,3,1,2,2024-11-06
이도2동,제주특별자치도 제주시 이도이동 2030-4,구남동2길 45-6(구남동 후니빌 북측 무료주차장(가온어린이집 인근),33.48822,126.5339747,4,4,2,1,1,1,3,1,2,2024-11-06
이도2동,제주특별자치도 제주시 이도이동 2026-9,구남로2길 36(구남로2길 36 C&J빌 인근),33.48696,126.5349001,4,,2,1,1,1,4,1,2,2024-11-06
이도2동,제주특별자치도 제주시 이도이동 2026-9 ,구남로2길 36(구남로2길 36 C&J빌 인근),33.48696,126.5349001,,5,,0,1,1,,1,,2024-11-06
이도2동,제주특별자치도 제주시 이도이동 2040-2  ,구남동2길 51-3(구남동 김기량성당 남측),33.4872685,126.533621,5,,2,1,1,1,3,1,2,2024-11-06
이도2동,제주특별자치도 제주시 이도이동 2040-2,구남동2길 51-3(구남동 김기량성당 남측),33.4872685,126.533621,,5,,0,1,1,,1,,2024-11-06
이도2동,제주특별자치도 제주시 이도이동 2035-10,구남로2길 8(탑모라횟집(구남동) 남쪽주차장),33.4885656,126.532875,3,2,2,1,1,1,4,1,2,2024-11-06
이도2동,제주특별자치도 제주시 이도이동 1998-9  ,구남동2길 22-11(이도2동 1998-3 무료주차장),33.4902021,126.5352345,2,3,2,1,1,1,4,1,2,2024-11-06
이도2동,제주특별자치도 제주시 이도이동 1999-1 ,구남로8길 10-2(제주소방서 뒷편 무료주차장),33.4905489,126.5364725,3,3,2,1,1,1,2,1,2,2024-11-06
이도2동,제주특별자치도 제주시 이도이동 1999-1  ,구남로8길 10-2(제주소방서 뒷편 무료주차장),33.4905489,126.5364725,,,,0,1,1,,1,,2024-11-06
이도2동,제주특별자치도 제주시 이도이동 2017-1,구남동6길6(남문주유소 뒷편(먹돌식당 맞은편)) 118번 옆,33.4885692,126.5386122,5,,2,1,1,1,2,1,2,2024-11-06
이도2동,제주특별자치도 제주시 이도이동 2017-1,구남동6길6(남문주유소 뒷편(먹돌식당 맞은편)) 77번 옆,33.4885692,126.5386122,,4,,0,1,1,,1,,2024-11-06
이도2동,제주특별자치도 제주시 이도이동 1909-74 ,(이도주공 3단지 서측 그린물류 맞은편),33.4901108,126.5311398,2,2,1,1,1,1,2,1,2,2024-11-06
이도2동,제주특별자치도 제주시 이도이동 1023-16  ,(독사천 동아아파트 103동 남서측),33.4887588,126.5304463,2,3,2,1,1,1,2,1,2,2024-11-06
이도2동,제주특별자치도 제주시 도남동 67-20,(수선화아파트 1차가동 북측 공원 서측),33.490554,126.5301988,5,,2,1,1,1,4,1,3,2024-11-06
이도2동,제주특별자치도 제주시 도남동 67-20,(수선화아파트 1차가동 북측 공원 서측),33.490554,126.5301988,,4,,0,1,1,,1,,2024-11-06
이도2동,제주특별자치도 제주시 이도이동 1028-1,(할매추어탕 서측 무료주차장),33.4917812,126.5361669,3,3,2,0,1,1,2,1,2,2024-11-06
이도2동,제주특별자치도 제주시 구남로7길 15,(이도주공1단지 110동 코너 외부),33.4938223,126.5335348,4,,2,1,1,1,2,1,2,2024-11-06
이도2동,제주특별자치도 제주시 연삼로 378,(제주117센터 옆),33.493886,126.5326276,,4,1,1,1,1,2,1,2,2024-11-06
이도2동,제주특별자치도 제주시 도남동 65-3 ,한솔새마을금고 남측 삼거리(우정탕 맞은편 주차장,33.4914551,126.5284477,4,4,2,1,1,1,4,1,2,2024-11-06
이도2동,제주특별자치도 제주시 도남동 664-6,국민연금 공단 북측 주차장 옆,33.4904642,126.527301,4,4,2,1,1,1,4,1,2,2024-11-06
이도2동,제주특별자치도 제주시 도남동 735-1 ,복지로3길 11-9(정부종합청사 앞 주차장(도남동 735-1)),33.488477,126.523787,3,2,2,1,1,1,2,1,2,2024-11-06
이도2동,제주특별자치도 제주시 복지로3길 16-1 ,복지로3길 16-1(정부종합청사 앞 공원(도남동 742)),33.4880886,126.5223919,2,2,1,1,1,1,3,1,2,2024-11-06
이도2동,제주특별자치도 제주시 도남동 755-1,복지로7길 4(정부종합청사 앞 주차장(도남동 755-1)),33.4887613,126.5259288,2,3,1,1,1,1,2,1,2,2024-11-06
이도2동,제주특별자치도 제주시 도남동 574-1,청사로1길 18-4(상공회의소 동측 무료주차장),33.4905942,126.5199652,2,2,1,0,,,1,1,,2024-11-06
이도2동,제주특별자치도 제주시 도남동 748-8  ,복지로9길 28-2(도남동 748-8 무료주차장 내),33.4889737,126.5275749,2,3,1,0,1,1,3,1,2,2024-11-06
이도2동,제주특별자치도 제주시 도남동 161-2,원남6길 42 (한성베르뜨 빌라 북측),33.48569,126.529997,5,5,2,1,1,1,4,1,2,2024-11-06
이도2동,제주특별자치도 제주시 신성로2길 17,(도남동 51-25 보현사 뒤 남서측(동양월마트 앞),33.4955566,126.5235885,2,2,2,1,1,1,3,1,1,2024-11-06
이도2동,제주특별자치도 제주시 신성로2길 17,(도남동 51-25 보현사 뒤 남서측(동양월마트 앞),33.4955566,126.5235885,3,6,2,1,1,1,3,1,2,2024-11-06
이도2동,제주특별자치도 제주시 도남로8길 19-2 ,(청룡사 남측),33.4933696,126.526894,3,2,1,0,1,1,2,1,2,2024-11-06
이도2동,제주특별자치도 제주시 도남로10길 1 ,도남로10길 1-5(청룡사 북동 코너),33.4936898,126.5274948,2,2,1,1,1,1,2,1,2,2024-11-06
이도2동,제주특별자치도 제주시 도남동 55  ,도남초교 북동측 사거리,33.4940194,126.5268263,3,3,2,1,1,1,2,1,2,2024-11-06
이도2동,제주특별자치도 제주시 신성로4길 37 ,(성환빌라B동 서측 골목 코너(도남1차e-편한@ 남측),33.49407,126.5222253,2,2,1,0,1,1,4,1,2,2024-11-06
이도2동,제주특별자치도 제주시 도남로10길 35-4,(도남연립주택 서측벽(꼬마세상어린이집 앞),33.494481,126.5242178,2,3,1,1,1,1,4,1,2,2024-11-06
이도2동,제주특별자치도 제주시 신성로 14 ,(한국타이어명일종합상사 서측 다리),33.4960429,126.5212074,2,3,3,1,1,1,3,1,2,2024-11-06
이도2동,제주특별자치도 제주시 서사로23길 11,(도남동902도남e편한세상 북서측),33.4978868,126.5207427,2,3,2,1,1,1,4,1,2,2024-11-06
이도2동,제주특별자치도 제주시 도남동 903-23  ,서광로22길 31(도남동903-8도남e편한세상 동측),33.4972281,126.5232606,2,2,2,1,1,1,4,1,2,2024-11-06
이도2동,제주특별자치도 제주시 도남동 916-10,도남로3길 3-2(도남동 노인회관 옆),33.4980779,126.5263195,2,2,2,1,1,1,3,1,2,2024-11-06
이도2동,제주특별자치도 제주시 도남동 914-3,(강정형외과 인근 공원 동측),33.4994175,126.525919,3,4,2,1,1,1,4,1,3,2024-11-06
이도2동,제주특별자치도 제주시 서광로 274,(삼천리 자전거 앞),33.4999314,126.5258037,4,5,2,1,1,1,3,1,4,2024-11-06
이도2동,제주특별자치도 제주시 도남동 912-4  ,도남로4길 6-1(근혜빌라 앞),33.4973105,126.5254017,3,3,2,2,,,3,1,2,2024-11-06
이도2동,제주특별자치도 제주시 서광로26길 38-1 ,서광로26길 38-1(청암연립 입구),33.49659,126.5246755,3,4,2,1,1,1,3,1,4,2024-11-06
이도2동,제주특별자치도 제주시 이도2동 1927-5,이도초교 후문 서측 교량 옆,33.4876594,126.5304352,1,2,1,0,,,1,0,2,2024-11-06
이도2동,제주특별자치도 제주시 도남동 689-7 ,복지로북길 2-20(시민복지타운 한국은행 동측),33.4881817,126.5214451,2,2,1,1,1,1,2,1,2,2024-11-06
이도2동,제주특별자치도 제주시 청귤로3길 44,청귤로3길 44(학생문화원뒤편),33.5014232,126.5412177,3,3,2,1,,,4,1,2,2024-11-06
이도2동,제주특별자치도 제주시 이도이동 1065-12,남광북1길 8(동진자동차공업사 맞은편),33.4950274,126.5352139,2,3,2,1,,,3,1,2,2024-11-06
이도2동,제주특별자치도 제주시 도남동 70,수선화아파트 나동 1차 관리사무소앞,33.4902721,126.5304727,1,2,1,1,,,2,0,,2024-11-06
이도2동,제주특별자치도 제주시 연북로 398,대춘해장국 주차장,33.4806685,126.5237541,1,2,,0,,,,,,2024-11-06
삼도1동,제주특별자치도 제주시 서사로24길 6,한라일보사 서측,33.4982692,126.5190841,3,4,2,1,1,1,2,1,2,2024-11-06
삼도1동,제주특별자치도 제주시 서사로24길 24,제2삼오교 서측,33.4983442,126.5176981,3,4,2,1,1,1,2,1,2,2024-11-06
삼도1동,제주특별자치도 제주시 삼도일동 561-23,예하게스트하우스 서측,33.4994044,126.5171449,3,4,2,1,1,1,4,1,2,2024-11-06
삼도1동,제주특별자치도 제주시 삼도일동 565-17,SK삼화주유소 남측,33.4993141,126.518962,2,4,2,1,1,1,2,1,2,2024-11-06
삼도1동,제주특별자치도 제주시 삼도일동 573-5  ,동명탕 동측,33.4988005,126.5215108,2,4,2,1,1,1,2,1,2,2024-11-06
삼도1동,제주특별자치도 제주시 삼도일동 573-5  ,금광아이빌 남측 공영주차장 입구옆,33.4991399,126.5217998,3,5,3,1,1,1,4,1,2,2024-11-06
삼도1동,제주특별자치도 제주시 삼도일동 533-9,삼미기업 북측 공영주차장 내,33.5012794,126.519664,2,4,3,1,1,1,3,1,2,2024-11-06
삼도1동,제주특별자치도 제주시 삼도일동 506 ,중앙어린이놀이터 서측,33.5012611,126.515683,3,5,2,1,1,1,4,1,2,2024-11-06
삼도1동,제주특별자치도 제주시 삼도일동 522-2,동백하우스 남측,33.5015829,126.5187347,2,3,2,1,1,1,3,1,2,2024-11-06
삼도1동,제주특별자치도 제주시 삼도일동 519,뉴월드마트서사라점  남측,33.5004346,126.517924,3,4,2,1,1,1,3,1,2,2024-11-06
삼도1동,제주특별자치도 제주시 삼도일동 585,중앙초등학교 서측,33.5032311,126.5148125,4,4,3,1,1,1,2,1,2,2024-11-06
삼도1동,제주특별자치도 제주시 서사로14길 12,중앙경로당 동측,33.5036626,126.5184749,4,6,2,1,1,1,4,1,2,2024-11-06
삼도1동,제주특별자치도 제주시 서광로27길 21,탐라장애인종합복지관 서측,33.5015492,126.5246294,3,4,2,1,1,1,3,1,2,2024-11-06
삼도1동,제주특별자치도 제주시 서사로17길 20,용천어린이놀이터 남측,33.5020117,126.5218652,3,5,2,1,1,1,4,1,2,2024-11-06
삼도1동,제주특별자치도 제주시 삼도일동 536,동양월마트 남측,33.5019455,126.5200326,3,4,2,1,1,1,3,1,2,2024-11-06
삼도1동,제주특별자치도 제주시 서사로15길 27,용천소공원 서측(서광로25길),33.502586,126.5230467,3,4,2,1,1,1,3,1,3,2024-11-06
삼도1동,제주특별자치도 제주시 삼도일동 305-10,제주외국어학습센터 남측,33.5037459,126.5231406,1,4,2,1,1,1,3,1,2,2024-11-06
삼도1동,제주특별자치도 제주시 서광로25길 60,제주외국어학습센터 서측,33.5038826,126.521946,3,4,2,1,1,1,2,1,2,2024-11-06
삼도1동,제주특별자치도 제주시 충효1길 2,진영마트서사라점 서측,33.5051999,126.5193164,2,4,2,1,1,1,2,1,2,2024-11-06
삼도1동,제주특별자치도 제주시 전농로1길 9,삼남주유소 동측,33.5054935,126.5147416,3,3,2,1,1,1,3,1,2,2024-11-06
삼도1동,제주특별자치도 제주시 서사로10길 6,서사라어린이놀이터 북측,33.5062416,126.5190908,3,5,2,1,1,1,3,1,2,2024-11-06
삼도1동,제주특별자치도 제주시 전농로1길 50,삼도1동노인회관 서측,33.5080198,126.5172752,3,4,2,1,1,1,3,1,2,2024-11-06
삼도1동,제주특별자치도 제주시 충효길 41 ,NH농협제주영업본부 서측,33.5079986,126.5193795,3,5,2,1,1,1,3,1,2,2024-11-06
삼도1동,제주특별자치도 제주시 삼도일동 1227-42  ,삼성전자디지털프라자 제주삼도점 북측,33.5101431,126.5196044,2,4,2,1,1,1,2,1,2,2024-11-06
삼도2동,제주특별자치도 제주시 전농로9길 7,중앙여중서쪽,33.5050507,126.5205513,2,4,1,1,1,1,2,1,2,2024-11-06
삼도2동,제주특별자치도 제주시 전농로11길 10,중앙여중동쪽,33.5051902,126.5218079,2,4,1,1,1,1,2,1,2,2024-11-06
삼도2동,제주특별자치도 제주시 삼도이동 228-32,남성경로당 북쪽,33.5073215,126.5238152,3,3,1,1,1,1,4,1,2,2024-11-06
삼도2동,제주특별자치도 제주시 서사로7길 35,보쌈집 북쪽,33.5058937,126.5223726,2,3,1,1,1,1,2,1,2,2024-11-06
삼도2동,제주특별자치도 제주시 서사로7길 5  ,비젼교회 서쪽,33.5071711,126.5205399,3,3,1,2,1,1,0,1,1,2024-11-06
삼도2동,제주특별자치도 제주시 서사로7길 5  ,비젼교회 서쪽,33.5071711,126.5205399,2,1,0,0,1,1,2,1,2,2024-11-06
삼도2동,제주특별자치도 제주시 삼도이동 248-92,남성방범초소 북쪽,33.5073846,126.5228905,2,4,1,1,1,1,2,1,2,2024-11-06
삼도2동,제주특별자치도 제주시 삼도이동 248-177,참이슬아파트 동쪽,33.5084948,126.5232644,2,4,1,1,1,1,2,1,2,2024-11-06
삼도2동,제주특별자치도 제주시 삼도이동 182-5,구제대병원 서쪽,33.5104372,126.5219852,2,4,1,1,1,1,2,1,2,2024-11-06
삼도2동,제주특별자치도 제주시 중앙로14길 41,남초등학교 서쪽,33.5103075,126.5204463,2,4,1,1,1,1,2,1,2,2024-11-06
삼도2동,제주특별자치도 제주시 삼도이동 938-2,향사당 서쪽,33.5122025,126.5214002,2,4,1,1,1,1,2,1,2,2024-11-06
삼도2동,제주특별자치도 제주시 관덕로6길 10,모이세해장국 서쪽,33.5121877,126.5220442,2,4,1,1,1,1,2,1,2,2024-11-06
삼도2동,제주특별자치도 제주시 중앙로12길 14,중앙성당 북쪽,33.5121784,126.5234501,4,4,2,0,1,1,0,1,2,2024-11-06
삼도2동,제주특별자치도 제주시 중앙로12길 14,중앙성당 북쪽,33.5121784,126.5234501,6,0,0,1,1,1,4,1,1,2024-11-06
삼도2동,제주특별자치도 제주시 관덕로3길 13-1,목관아지 서쪽,33.5142126,126.5215231,2,4,1,1,,,2,1,2,2024-11-06
삼도2동,제주특별자치도 제주시 관덕로7길 13,북초등학교 정문,33.5146085,126.5227463,2,4,1,1,,,2,1,2,2024-11-06
삼도2동,제주특별자치도 제주시 삼도이동 1157-28,타젠바이크 정면,33.5134878,126.5184112,2,4,1,1,1,1,2,1,2,2024-11-06
삼도2동,제주특별자치도 제주시 무근성길 39,무근성슈퍼 북쪽,33.5146163,126.5199468,2,4,1,1,1,1,2,1,2,2024-11-06
삼도2동,제주특별자치도 제주시 무근성1길 10,무근성경로당 동쪽,33.5147379,126.5191964,2,4,1,1,1,1,2,1,2,2024-11-06
삼도2동,제주특별자치도 제주시 삼도이동 1252-9,119센터 동쪽,33.5166706,126.5178825,2,4,1,1,1,1,4,1,2,2024-11-06
삼도2동,제주특별자치도 제주시 탑동로9길 7,라마다호텔 남쪽,33.5175475,126.5177618,2,4,1,1,1,1,2,1,2,2024-11-06
삼도2동,제주특별자치도 제주시 탑동로3길 10  ,미화빌라 동쪽,33.516717,126.5220828,2,4,1,1,1,1,3,1,2,2024-11-06
삼도2동,제주특별자치도 제주시 북성로 24,우체국택배 서쪽담,33.5160844,126.522124,2,4,1,1,1,1,3,1,2,2024-11-06
삼도2동,제주특별자치도 제주시 탑동로6길 10,이마트주차장,33.5181691,126.521941,2,4,1,1,1,1,2,1,2,2024-11-06
삼도2동,제주특별자치도 제주시 삼도이동 1158-96,전복김밥 동쪽 주차장,33.5153624,126.5182666,2,4,1,1,1,1,2,1,2,2024-11-06
삼도2동,제주특별자치도 제주시 삼도이동 303-10,칼빌딩 서쪽,33.5049796,126.5251492,2,4,1,1,1,1,2,1,2,2024-11-06
용담1동,제주특별자치도 제주시 동한두기길 19,,33.5165915,126.5159684,2,3,1,1,1,1,2,1,4,2024-11-06
용담1동,제주특별자치도 제주시 용담일동 21-1,,33.5139857,126.5179817,2,3,1,1,1,1,3,1,4,2024-11-06
용담1동,제주특별자치도 제주시 용담일동 82-1,용담월드하우스 남쪽,33.5127982,126.5169534,2,3,1,1,1,1,2,1,4,2024-11-06
용담1동,제주특별자치도 제주시 용담일동 100,,33.512004,126.518066,2,3,1,1,1,1,2,1,4,2024-11-06
용담1동,제주특별자치도 제주시 용담일동 131-3,제주중학교 동쪽,33.5115703,126.5170596,2,3,1,1,1,1,2,1,3,2024-11-06
용담1동,제주특별자치도 제주시 용담1동 298-6,제주향교 서쪽,33.5108643,126.5153783,2,2,1,1,1,1,2,1,2,2024-11-06
용담1동,제주특별자치도 제주시 용담일동 331,한중석재사 앞,33.5127571,126.5155019,3,2,1,0,1,1,2,1,4,2024-11-06
용담1동,제주특별자치도 제주시 용담1동 142-1,장안마트 서쪽,33.5112495,126.5184306,2,3,1,1,1,1,4,1,4,2024-11-06
용담1동,제주특별자치도 제주시 용담일동 137-86 ,,33.5104185,126.517669,2,3,1,1,1,1,2,1,3,2024-11-06
용담1동,제주특별자치도 제주시 용담일동 132-20,,33.5110225,126.5168418,2,3,1,1,1,1,2,1,3,2024-11-06
용담1동,제주특별자치도 제주시 용담일동 295-4,,33.5105753,126.5159409,2,2,1,1,1,1,2,1,2,2024-11-06
용담1동,제주특별자치도 제주시 용담로19길 7,퍼피하우스 남쪽,33.5094074,126.5161542,2,3,1,1,1,1,3,1,4,2024-11-06
용담1동,제주특별자치도 제주시 용담일동 292-11 ,,33.5098598,126.5153049,2,2,1,1,1,1,2,1,3,2024-11-06
용담1동,제주특별자치도 제주시 용한로 12 ,우정상사 건너편,33.510392,126.512344,2,3,1,1,1,1,2,1,4,2024-11-06
용담1동,제주특별자치도 제주시 용담일동 242-6,오뚜기갈비 남쪽,33.5095857,126.5140694,3,5,1,1,1,1,4,1,4,2024-11-06
용담1동,제주특별자치도 제주시 용담일동 260  ,서문성당,33.5071907,126.5122904,2,3,1,1,1,1,2,1,4,2024-11-06
용담1동,제주특별자치도 제주시 용담일동 257-21,,33.5081728,126.5118545,2,3,1,1,1,1,2,1,3,2024-11-06
용담1동,제주특별자치도 제주시 용담일동 263-1  ,,33.5059947,126.5118508,2,3,1,1,1,1,2,1,4,2024-11-06
용담1동,제주특별자치도 제주시 용담일동 251-24,모텔 안남,33.5054603,126.5136651,2,3,1,1,1,1,2,1,4,2024-11-06
용담1동,제주특별자치도 제주시 용담일동 267-2  ,,33.5049894,126.5120912,2,3,1,1,1,1,2,1,4,2024-11-06
용담1동,제주특별자치도 제주시 용담일동 266-1,적십자회관 동쪽,33.5047174,126.5143745,2,3,1,1,1,1,2,1,3,2024-11-06
용담1동,제주특별자치도 제주시 용담일동 2647-3  ,태화연립 앞,33.5021138,126.5118284,3,5,2,1,1,1,3,1,3,2024-11-06
용담1동,제주특별자치도 제주시 서광로 147-3,송월타올 북서쪽,33.5003779,126.5122082,2,2,1,0,1,1,2,1,2,2024-11-06
용담2동,제주특별자치도 제주시 용담이동 454-2,용연다리서측,33.5150874,126.5137913,2,4,1,1,1,1,2,1,2,2024-11-06
용담2동,제주특별자치도 제주시 용담이동 367-19,제2한천교 앞,33.5124029,126.5139074,2,4,1,1,1,1,2,1,2,2024-11-06
용담2동,제주특별자치도 제주시 용담이동 471-4 ,디어하우스 앞,33.5140238,126.5121236,2,4,1,1,1,1,3,1,2,2024-11-06
용담2동,제주특별자치도 제주시 용담로7길 14-1,사대부고 동측,33.5135004,126.5104004,2,4,1,1,1,1,2,1,2,2024-11-06
용담2동,제주특별자치도 제주시 성화로6길 50,서초교 후문,33.5112943,126.5105909,2,4,1,1,1,1,2,1,2,2024-11-06
용담2동,제주특별자치도 제주시 용화로 37-2,헤어아트미용실 옆,33.5099507,126.507681,2,4,1,1,1,1,2,1,2,2024-11-06
용담2동,제주특별자치도 제주시 성화로1길 5 ,성화연립동측,33.5103885,126.5043215,2,4,1,1,1,1,2,1,2,2024-11-06
용담2동,제주특별자치도 제주시 용담이동 617-24,한울미용실 앞,33.510781,126.5080146,2,3,1,1,1,1,2,1,2,2024-11-06
용담2동,제주특별자치도 제주시 용담이동 607-19,,33.5120859,126.5067928,2,4,1,1,1,1,2,1,2,2024-11-06
용담2동,제주특별자치도 제주시 성화로5길 6-9,할망곰탕 남측,33.5112669,126.5032653,2,4,1,1,1,1,2,1,2,2024-11-06
용담2동,제주특별자치도 제주시 용담이동 935-10,유성주택서측,33.5126893,126.5041489,2,4,1,1,1,1,3,1,2,2024-11-06
용담2동,제주특별자치도 제주시 용담로 29 ,일진항공 부근,33.5133813,126.5058796,2,2,1,1,1,1,2,1,2,2024-11-06
용담2동,제주특별자치도 제주시 용담삼동 546-1,현대2차아파트 남쪽,33.5142599,126.5079368,2,4,1,1,1,1,4,1,2,2024-11-06
용담2동,제주특별자치도 제주시 용담삼동 531-88,주연상회 앞,33.5149357,126.5062062,2,4,1,1,1,1,2,1,3,2024-11-06
용담2동,제주특별자치도 제주시 용담삼동 995-1,,33.5145361,126.5043728,2,2,1,1,1,1,2,1,2,2024-11-06
용담2동,제주특별자치도 제주시 용마서1길 27  ,용마게이볼장 부근,33.5157216,126.5050052,2,4,1,1,1,1,2,1,2,2024-11-06
용담2동,제주특별자치도 제주시 용담3동 1071,레포츠공원주차장,33.517934,126.4996612,,6,1,1,,,,1,1,2024-11-06
용담2동,제주특별자치도 제주시 용담3동 1071,레포츠공원주차장,33.517934,126.4996612,5,,1,0,1,1,3,1,1,2024-11-06
용담2동,제주특별자치도 제주시 서해안로 456-12,어영마을회관 남측,33.5185627,126.4890792,2,2,1,2,1,1,1,1,2,2024-11-06
용담2동,제주특별자치도 제주시 용담이동 2679-29,,33.5085918,126.5108708,2,4,1,1,1,1,2,1,2,2024-11-06
용담2동,제주특별자치도 제주시 용문로20길 14 ,제주은행동측골목,33.5078077,126.5112849,2,4,1,1,1,1,2,1,2,2024-11-06
용담2동,제주특별자치도 제주시 용담이동 2686-7,장원하이빌 뒤편,33.5057726,126.5105563,2,4,1,1,1,1,3,1,2,2024-11-06
용담2동,제주특별자치도 제주시 용원1길 18,시계바늘어린이집 앞,33.5046426,126.5100954,2,4,1,1,1,1,2,1,2,2024-11-06
용담2동,제주특별자치도 제주시 용담이동 2696-16,문화재 터 옆 주차장,33.5035689,126.5104112,2,4,1,1,1,1,2,1,2,2024-11-06
용담2동,제주특별자치도 제주시 용담이동 2621-8,,33.5022217,126.5094449,2,4,1,1,1,1,3,1,2,2024-11-06
용담2동,제주특별자치도 제주시 용담이동 2718-47 ,,33.5033679,126.5081954,2,4,1,1,1,1,3,1,2,2024-11-06
용담2동,제주특별자치도 제주시 용담이동 2617-5,신도리코 옆,33.5013485,126.5081001,2,4,1,1,1,1,2,1,2,2024-11-06
용담2동,제주특별자치도 제주시 용담이동 2746-1,월성회관,33.501634,126.5051011,2,4,1,1,1,1,2,1,2,2024-11-06
용담2동,제주특별자치도 제주시 용담이동 2784-4,,33.4995693,126.5025031,2,4,1,1,1,1,3,1,2,2024-11-06
용담2동,제주특별자치도 제주시 용담이동 2791-2 ,,33.4995123,126.5006318,2,4,1,1,1,1,2,1,2,2024-11-06
용담2동,제주특별자치도 제주시 용담이동 2745-12,,33.5019868,126.5037201,2,4,1,1,1,1,2,1,2,2024-11-06
용담2동,제주특별자치도 제주시 용담이동 746-9,,33.5034943,126.5042677,2,4,1,1,1,1,2,1,2,2024-11-06
용담2동,제주특별자치도 제주시 용해로 147,,33.5045611,126.5069592,1,3,1,1,1,1,2,1,2,2024-11-06
용담2동,제주특별자치도 제주시 용문로 145-3,,33.5078424,126.5091601,3,5,1,1,1,1,2,1,2,2024-11-06
용담2동,제주특별자치도 제주시 용담이동 631-11,한라요양원 우측,33.5085192,126.5058972,3,6,1,1,1,1,4,1,2,2024-11-06
용담2동,제주특별자치도 제주시 용담로1길 33,현대4차아파트 내,33.5160394,126.5072314,2,2,1,1,1,1,2,1,2,2024-11-06
용담2동,제주특별자치도 제주시 용담이동 635-1,,33.5090967,126.5077507,2,2,1,1,1,1,2,1,2,2024-11-06
용담2동,제주특별자치도 제주시 용담이동 641-44,승진원룸 옆,33.5086891,126.5097336,2,4,1,1,1,1,4,1,2,2024-11-06
용담2동,제주특별자치도 제주시 용담이동 850-9,세종가든,33.509217,126.5038637,2,2,1,1,1,1,2,1,2,2024-11-06
용담2동,제주특별자치도 제주시 용문로 88 ,,33.5032265,126.5050661,2,4,1,1,1,1,2,1,2,2024-11-06
용담2동,제주특별자치도 제주시 용한로 3 ,복개천(탑마트) 주차장,33.5097486,126.5118438,2,4,1,1,1,1,2,1,2,2024-11-06
용담2동,제주특별자치도 제주시 용담이동 487-4,,33.5156447,126.5123403,2,2,,2,,,,,,2024-11-06
용담2동,제주특별자치도 제주시 용담이동 597-1,사대부고 남측,33.5128547,126.50888,2,2,1,1,,,2,,2,2024-11-06
용담2동,제주특별자치도 제주시 용담이동 609-61,영보맨션 가동 남측,33.5103625,126.5062665,1,2,1,1,,,2,,2,2024-11-06
용담2동,제주특별자치도 제주시 용담삼동 505-6,이어도횟집옆,33.5162233,126.5079526,1,1,1,1,,,,,,2024-11-06
용담2동,제주특별자치도 제주시 용담삼동 1134,카페리횟집 앞 전주,33.5195505,126.4990993,1,1,1,1,,,,,,2024-11-06
용담2동,제주특별자치도 제주시 용담이동 730,삼영교통 앞,33.5040641,126.5007282,2,2,1,1,,,2,,,2024-11-06
건입동,제주특별자치도 제주시 임항로 8,탑동공영주차장 앞,33.5166082,126.5256059,2,3,2,1,0,0,2,1,2,2024-11-06
건입동,제주특별자치도 제주시 건입동 1349,올댓제주 남측,33.5160274,126.5283404,2,4,2,1,1,1,3,1,3,2024-11-06
건입동,제주특별자치도 제주시 서부두길 2,김밥천국 탑동본점 맞은편,33.5167215,126.5276558,2,4,1,1,0,0,0,1,2,2024-11-06
건입동,제주특별자치도 제주시 임항로 71-7,수협중앙회 제주어업정보통신국 맞은편,33.5173968,126.5320841,2,4,1,1,1,1,2,1,2,2024-11-06
건입동,제주특별자치도 제주시 건입동 1300-2  ,산지 변전소옆,33.5163425,126.5316365,2,4,2,1,1,1,2,1,2,2024-11-06
건입동,제주특별자치도 제주시 임항로 287,백록담주요소 북측,33.5154049,126.5387041,2,3,1,1,1,1,2,1,2,2024-11-06
건입동,제주특별자치도 제주시 만덕로4길 10-1 ,주민센터 뒤쪽,33.5149945,126.5308682,3,3,2,1,1,1,3,1,2,2024-11-06
건입동,제주특별자치도 제주시 만덕로 17-1  ,노동의원 맞은편,33.5150387,126.5321002,2,4,2,1,0,1,2,1,2,2024-11-06
건입동,제주특별자치도 제주시 만덕로3길 18,우일아파트 앞,33.5159284,126.533386,2,4,1,1,1,1,3,1,2,2024-11-06
건입동,제주특별자치도 제주시 연무정동2길 13,동초등학교 후문,33.5146707,126.5336012,3,4,1,1,1,1,2,1,2,2024-11-06
건입동,제주특별자치도 제주시 연무정동길 19,동초등학교 후문 동측사거리,33.5150103,126.5342863,2,2,1,1,0,0,2,1,2,2024-11-06
건입동,제주특별자치도 제주시 연무정길 32,현대아파트 상가 앞,33.5162916,126.5354535,2,4,1,1,0,1,3,1,2,2024-11-06
건입동,제주특별자치도 제주시 사라봉9길 20,(구)출입국관리사무소뒤,33.5162043,126.5391738,2,3,1,1,1,1,2,1,2,2024-11-06
건입동,제주특별자치도 제주시 칠머리길15-1,칠머리주차장,33.5183002,126.535639,2,4,1,1,1,1,2,1,2,2024-11-06
건입동,제주특별자치도 제주시 연무정길5,형제현수막 앞,33.5169356,126.5377868,3,3,1,1,1,1,3,1,2,2024-11-06
건입동,제주특별자치도 제주시 동문로95,"여상후문, 건입동 1045-7옆",33.5143069,126.5370559,3,4,1,1,1,1,3,1,2,2024-11-06
건입동,제주특별자치도 제주시 임항로 286,미듬하나로아파트 앞,33.5153669,126.5384305,3,3,1,0,0,1,2,1,2,2024-11-06
건입동,제주특별자치도 제주시 임항로 260,신천지호텔 동측,33.5177758,126.538682,3,3,1,1,0,0,2,1,2,2024-11-06
건입동,제주특별자치도 제주시 사라봉7길 6 ,다이아나 호텔후문,33.5176433,126.5397649,3,3,1,0,1,1,1,1,2,2024-11-06
건입동,제주특별자치도 제주시 임항로235,한도맨션 앞,33.5184433,126.5409092,3,4,1,1,1,1,2,1,2,2024-11-06
건입동,제주특별자치도 제주시 사라봉7길 14,사라봉 어린이공원,33.51697,126.5398779,2,4,1,1,1,1,3,1,2,2024-11-06
건입동,제주특별자치도 제주시 건입동 705-1,광덕아파트 동측,33.514345,126.5414564,3,4,1,1,1,1,2,1,2,2024-11-06
건입동,제주특별자치도 제주시 사라봉1길 42,광덕아파트 동북측,33.5150722,126.5414611,2,4,1,1,1,1,2,1,2,2024-11-06
건입동,제주특별자치도 제주시 건화길 26,건화마을,33.5135188,126.5518798,1,2,1,1,1,1,2,1,2,2024-11-06
건입동,제주특별자치도 제주시 임항로146,항만119센터앞,33.5199578,126.5388248,3,3,1,0,1,1,1,1,2,2024-11-06
건입동,제주특별자치도 제주시 건입동 882 ,"금아빌라 서측, 건입동 711",33.5182787,126.5397649,2,2,1,1,0,1,1,1,2,2024-11-06
화북동,제주특별자치도 제주시 진동로 64,동마을회관 앞,33.5246358,126.5673961,2,1,1,1,1,1,2,1,2,2024-11-06
화북동,제주특별자치도 제주시 화북일동 1946-9 ,화북아파트 옆,33.5223649,126.5666098,3,2,1,2,1,1,2,1,2,2024-11-06
화북동,제주특별자치도 제주시 화북일동 1936-7,청풍맨션 앞,33.523223,126.566235,2,1,1,1,1,1,2,1,2,2024-11-06
화북동,제주특별자치도 제주시 화북일동 1936,청풍대 앞,33.5233457,126.5655142,3,1,1,1,1,1,2,1,2,2024-11-06
화북동,제주특별자치도 제주시 금산5길24-3,화북포구 앞,33.5251852,126.5645351,2,1,1,2,1,1,2,1,2,2024-11-06
화북동,제주특별자치도 제주시 금산5길 39,서마을해녀탈의장 옆,33.5267893,126.563366,2,1,1,2,1,1,2,1,2,2024-11-06
화북동,제주특별자치도 제주시 금산3길 5-1,전원아파트 옆,33.5240867,126.5633046,2,2,1,1,1,1,2,1,2,2024-11-06
화북동,제주특별자치도 제주시 기와1길 55  ,태고원 옆,33.487037,126.5609856,2,2,1,2,1,1,1,1,2,2024-11-06
화북동,제주특별자치도 제주시 화북일동 4129-7,백향식당 옆,33.5226949,126.5617295,2,1,0,2,1,1,1,1,2,2024-11-06
화북동,제주특별자치도 제주시 진남로8길 2,화북농협 뒤,33.5194873,126.5675291,3,3,0,1,1,1,3,1,2,2024-11-06
화북동,제주특별자치도 제주시 화북일동 1951-5  ,화북주민센터 북측,33.5219258,126.5654608,2,2,0,1,1,1,2,1,2,2024-11-06
화북동,제주특별자치도 제주시 곤을길 23,목마가든 앞,33.5228988,126.5596968,2,2,0,1,1,1,2,1,2,2024-11-06
화북동,제주특별자치도 제주시 화북일동 1976-3,대원주택 앞,33.5205569,126.565127,2,2,0,1,1,1,3,1,2,2024-11-06
화북동,제주특별자치도 제주시 화북일동 1984-1,망동산 앞,33.5193386,126.564565,2,2,0,1,1,1,3,1,2,2024-11-06
화북동,제주특별자치도 제주시 진동로5길 9 ,삼다연립 앞,33.5211846,126.5644939,2,2,0,1,1,1,2,1,2,2024-11-06
화북동,제주특별자치도 제주시 화북일동 1955-15 ,황룡주택 앞,33.5209182,126.5630431,2,2,0,2,1,1,4,1,2,2024-11-06
화북동,제주특별자치도 제주시 화북일동 1930-4 ,문화주택 입구,33.5223381,126.5632711,2,2,0,2,1,1,4,1,2,2024-11-06
화북동,제주특별자치도 제주시 화북이동 4945-3,경동택배 밑,33.5130563,126.5524814,2,2,0,1,1,1,2,1,2,2024-11-06
화북동,제주특별자치도 제주시 거로길 1,등돌거리,33.5145595,126.556293,2,2,0,1,1,1,2,1,2,2024-11-06
화북동,제주특별자치도 제주시 화북이동 4987-2,거로길 51 앞,33.511161,126.558716,2,2,0,1,,,2,1,,2024-11-06
화북동,제주특별자치도 제주시 선반로 30,만성자동차공업사 앞,33.5149,126.5610717,2,2,0,1,1,1,2,1,2,2024-11-06
화북동,제주특별자치도 제주시 부록길 33  ,부흥주택 앞,33.5048641,126.5669257,2,3,1,0,0,0,1,1,2,2024-11-06
화북동,제주특별자치도 제주시 거로남3길 22,마을회관 앞,33.5108172,126.5608824,2,2,0,2,1,1,2,1,2,2024-11-06
화북동,제주특별자치도 제주시 화북이동 3350-6,거로마을 입구,33.5083814,126.5609428,2,2,0,2,1,1,2,1,2,2024-11-06
화북동,제주특별자치도 제주시 거로남4길 19-8 ,부흥주택앞,33.5083645,126.562498,2,2,0,1,1,1,2,1,2,2024-11-06
화북동,제주특별자치도 제주시 황사평6길 73,마을회관앞,33.4933189,126.5609451,2,2,0,2,1,1,3,1,2,2024-11-06
화북동,제주특별자치도 제주시 화북일동 11-7,화북주공소방서 뒤,33.519853,126.5734893,3,2,0,2,1,1,2,1,2,2024-11-06
화북동,제주특별자치도 제주시 동화로1길 45-22 ,동녘경로당 앞,33.5184366,126.5786573,2,2,0,2,1,1,2,1,2,2024-11-06
화북동,제주특별자치도 제주시 화북일동 14-1,동화초공원 앞,33.5180204,126.5765041,2,2,0,2,1,1,2,1,2,2024-11-06
화북동,제주특별자치도 제주시 부록길 17,농협선과장 앞,33.5033397,126.5680201,2,2,0,2,1,1,1,1,2,2024-11-06
화북동,제주특별자치도 제주시 거로동길 15 ,황금에스티 앞,33.5144382,126.5586715,2,2,0,2,1,1,2,1,2,2024-11-06
화북동,제주특별자치도 제주시 화북일동 1768 ,해피드림 북쪽,33.5225695,126.5679509,2,2,0,1,1,1,4,1,2,2024-11-06
화북동,제주특별자치도 제주시 동제원길 41 ,원두교 앞,33.5190219,126.5594507,2,2,0,1,1,1,2,1,2,2024-11-06
화북동,제주특별자치도 제주시 화북일동 1966-16,억수식당 옆,33.5213671,126.5668244,3,2,0,1,1,1,2,1,2,2024-11-06
화북동,제주특별자치도 제주시 화북일동 1619-8,해신사 옆,33.5245923,126.5659525,1,1,0,1,1,1,2,1,2,2024-11-06
화북동,제주특별자치도 제주시 거로서길 15,장원그린빌 앞,33.5128679,126.5555736,2,2,0,2,1,1,2,1,2,2024-11-06
화북동,제주특별자치도 제주시 화삼북로4길 10,삼화초 북측공원 앞,33.5169434,126.5776682,2,2,0,1,1,1,3,1,2,2024-11-06
화북동,제주특별자치도 제주시 진남로6길 17,화북동주민센터 옆,33.5201294,126.5655212,3,2,0,2,1,1,3,1,2,2024-11-06
화북동,제주특별자치도 제주시 청풍남8길 12-1,화북성당 앞,33.5183685,126.5707886,2,2,0,3,1,1,2,1,2,2024-11-06
화북동,제주특별자치도 제주시 황사평4길 2-1,황사평진입다리옆(황사평4길2-1 근처),33.4943653,126.5635853,2,2,0,1,1,1,1,1,1,2024-11-06
화북동,제주특별자치도 제주시 화북일동 4301-4,금산마을회관북측,33.5251088,126.5626177,2,2,0,1,1,1,2,1,2,2024-11-06
화북동,제주특별자치도 제주시 선반남2길 30-9,세인트빌앞,33.5115108,126.5622956,1,1,0,1,0,0,2,1,2,2024-11-06
화북동,제주특별자치도 제주시 선반남2길1,삼성전자앞,33.5120636,126.5599444,2,1,0,1,0,0,1,1,2,2024-11-06
화북동,제주특별자치도 제주시 화북일동 1958-15,화북초후문,33.5199614,126.5634656,2,2,0,1,0,0,2,1,2,2024-11-06
화북동,제주특별자치도 제주시 일주동로 26,SK LPG앞,33.5123755,126.5500522,1,1,0,1,0,0,1,1,2,2024-11-06
화북동,제주특별자치도 제주시 청풍남4길13,주림빌라트앞,33.5176313,126.5657016,2,2,0,1,0,0,1,1,,2024-11-06
화북동,제주특별자치도 제주시 일주동로 198 ,문제요 옆,33.5186429,126.566872,2,2,0,1,0,0,2,1,1,2024-11-06
화북동,제주특별자치도 제주시 일주동로 240,국수사랑옆,33.5194544,126.5708742,1,1,0,1,0,0,1,1,2,2024-11-06
화북동,제주특별자치도 제주시 화북이동 3121,황사평진입도로옆,33.5009977,126.5621654,1,1,0,1,0,0,1,1,,2024-11-06
화북동,제주특별자치도 제주시 기와5길 79,애덕의집앞,33.4906515,126.5579228,3,2,0,2,0,0,1,1,2,2024-11-06
화북동,제주특별자치도 제주시 화북이동 3540-1,거로운동장입구,33.5098126,126.5634894,2,2,0,1,0,0,2,1,2,2024-11-06
화북동,제주특별자치도 제주시 화북이동 3021-12,취락구조입구,33.4957729,126.5619706,1,1,0,0,0,0,1,1,2,2024-11-06
삼양동,제주특별자치도 제주시 삼양일동 1062-1  ,대유아파트 북측,33.5307714,126.5919785,2,3,1,1,1,1,2,1,2,2024-11-06
삼양동,제주특별자치도 제주시 삼양일동 1589-20 ,한전아파트 106동 북측,33.5282451,126.5918635,2,3,1,1,1,1,4,1,2,2024-11-06
삼양동,제주특별자치도 제주시 삼양이동 2181-14,삼양초등학교 동측 골목,33.5208666,126.586994,1,2,1,1,,,2,1,1,2024-11-06
삼양동,제주특별자치도 제주시 삼양일동 1628-7,마을금고 남측 주차장,33.5267861,126.5907732,2,3,1,2,1,1,3,1,3,2024-11-06
삼양동,제주특별자치도 제주시 삼양일동 1651-5  ,삼양일동마을회관 남측 블록,33.5256273,126.5905237,2,3,1,1,1,1,3,1,2,2024-11-06
삼양동,제주특별자치도 제주시 삼양일동 1521-36 ,힘찬어린이집 북쪽,33.5240039,126.5900029,2,3,1,1,1,1,3,1,6,2024-11-06
삼양동,제주특별자치도 제주시 삼양일동 1665-1,신도그린빌라 북쪽,33.5232999,126.588613,2,3,1,1,1,1,2,1,2,2024-11-06
삼양동,제주특별자치도 제주시 삼양일동 1657-8,삼양해수사우나 동측 주차장,33.5247136,126.5867569,3,3,1,1,1,1,4,1,2,2024-11-06
삼양동,제주특별자치도 제주시 삼양이동 1953,24시편의점 북측,33.5246676,126.5843034,2,3,1,1,1,1,3,1,4,2024-11-06
삼양동,제주특별자치도 제주시 삼양이동 2179-10,한양아파트 옆 공원,33.520024,126.5842155,2,4,1,1,1,1,3,1,3,2024-11-06
삼양동,제주특별자치도 제주시 삼양이동 2130-1 ,에이치마트 북쪽사거리,33.5218937,126.5830021,2,4,1,1,1,1,2,1,3,2024-11-06
삼양동,제주특별자치도 제주시 삼양이동 2101-4,삼양 제2펌프장 남측 공원,33.5239785,126.5820268,2,2,1,1,1,1,3,1,2,2024-11-06
삼양동,제주특별자치도 제주시 삼양삼동 2650-3,삼양3동 과물 옆,33.5253956,126.5740231,1,2,1,1,1,1,2,1,4,2024-11-06
삼양동,제주특별자치도 제주시 삼양이동 2154-1,대일아파트 인근 어린이공원,33.5202138,126.5798924,5,4,1,2,2,2,4,1,5,2024-11-06
삼양동,제주특별자치도 제주시 삼양이동 2133-5,안평식당 동측 주차장,33.5221436,126.5843013,2,4,1,1,1,1,3,1,3,2024-11-06
삼양동,제주특별자치도 제주시 벌랑길 73,삼양3동 마을회관 근처,33.5268244,126.5765591,2,3,1,1,1,1,3,1,2,2024-11-06
삼양동,제주특별자치도 제주시 도련이동 568-18,한국교통안전공단 제주검사소 동쪽,33.5144447,126.5898438,2,3,1,1,1,1,3,1,2,2024-11-06
삼양동,제주특별자치도 제주시 도련길 1,도련1동[서] 버스정류소 뒤,33.5093313,126.589715,2,2,1,1,1,1,2,1,2,2024-11-06
삼양동,제주특별자치도 제주시 도련일동 1903-13,흥진빌라 북쪽,33.5104704,126.5861,1,3,1,1,1,1,2,1,2,2024-11-06
삼양동,제주특별자치도 제주시 도련일동 2254-1,도련1동마을회관 옆,33.509015,126.58435,1,3,1,1,1,1,2,1,2,2024-11-06
삼양동,제주특별자치도 제주시 삼양이동 2009-1,삼양 제2펌프장 북측,33.524548,126.5817319,2,2,1,1,1,1,2,1,3,2024-11-06
삼양동,제주특별자치도 제주시 도련일동 2238-3,도련1동 마을회관 서측,33.5086909,126.5826364,2,2,1,1,1,1,2,1,2,2024-11-06
삼양동,제주특별자치도 제주시 삼양일동 1912-7,,33.53184,126.591405,1,2,1,1,1,1,2,1,2,2024-11-06
삼양동,제주특별자치도 제주시 삼양일동 1579-1,대유아파트 남쪽 공영주차장 안,33.5295978,126.5936428,2,2,1,1,1,1,2,1,2,2024-11-06
삼양동,제주특별자치도 제주시 삼양일동 1939-2  ,빨래터 동측,33.5295859,126.5890972,2,3,1,1,1,1,3,1,2,2024-11-06
삼양동,제주특별자치도 제주시 삼양일동 1254-5  ,한사랑빌라 앞,33.5216018,126.5935331,2,2,1,1,,,2,1,,2024-11-06
삼양동,제주특별자치도 제주시 삼양일동 1315-1,검문소 서측 일주도로변,33.5209948,126.5964802,1,1,1,1,,,1,1,3,2024-11-06
삼양동,제주특별자치도 제주시 삼양이동 2140-6,한국농어촌공사 남측,33.5224074,126.5877322,1,3,1,1,,,2,1,2,2024-11-06
삼양동,제주특별자치도 제주시 삼양이동 2124-7,선사한의원 뒤편,33.5225346,126.5861029,2,4,1,1,1,1,3,1,2,2024-11-06
삼양동,제주특별자치도 제주시 삼양삼동 2446-4  ,둠벵이교 동측,33.5243539,126.5799417,2,2,1,1,1,1,3,1,2,2024-11-06
삼양동,제주특별자치도 제주시 삼양삼동 2535-10 ,예지원어린이집 남측,33.524391,126.576641,1,3,1,1,1,1,2,1,2,2024-11-06
삼양동,제주특별자치도 제주시 도련이동 613-2,도련사거리 씨유 건너편 골목,33.5158927,126.5895886,1,2,1,1,,,2,1,2,2024-11-06
삼양동,제주특별자치도 제주시 도련이동 645-8,제일일출아파트 입구,33.5151399,126.5920372,2,3,1,1,,,3,1,4,2024-11-06
삼양동,제주특별자치도 제주시 도련이동 453-1,한정빌라 앞,33.5143359,126.5925753,2,3,1,1,,,2,1,4,2024-11-06
삼양동,제주특별자치도 제주시 도련일동 1608-1,도련별장맨션 인근,33.5090003,126.5901325,1,3,1,1,,,2,1,2,2024-11-06
삼양동,제주특별자치도 제주시 도련일동 2225-6,선과장 옆,33.5073641,126.5828043,1,2,1,1,,,2,1,4,2024-11-06
삼양동,제주특별자치도 제주시 도련일동 2749-3 ,그린나래어린이집 서측,33.5076474,126.5803257,1,2,1,1,,,2,1,2,2024-11-06
삼양동,제주특별자치도 제주시 화삼로 145,홍익보육원 앞 도로변,33.5165266,126.5862825,2,3,1,1,,,1,공원전기,2,2024-11-06
삼양동,제주특별자치도 제주시 도련일동 1640-2,도련주공아파트 후문 부근,33.5076487,126.5878446,1,2,1,1,,,2,1,2,2024-11-06
삼양동,제주특별자치도 제주시 도련일동 1983-5,삼화지구 서남쪽,33.5123347,126.5783492,3,3,1,1,1,1,2,1,2,2024-11-06
삼양동,제주특별자치도 제주시 도련일동 1983-5,삼화지구 서남쪽,33.5123347,126.5783492,3,3,1,1,1,1,2,1,2,2024-11-06
삼양동,제주특별자치도 제주시 도련일동 2205-1,거로목공소 옆,33.5110687,126.5780394,2,2,1,1,,,1,,2,2024-11-06
삼양동,제주특별자치도 제주시 도련일동 1035-1,도련1동 정수장 입구,33.5013114,126.5942154,1,2,1,1,,,2,1,2,2024-11-06
삼양동,제주특별자치도 제주시 도련일동 2852-1,정효원,33.5069424,126.5751698,3,1,,0,,,,,,2024-11-06
봉개동,제주특별자치도 제주시 봉개동 1811-3,대기원룸 옆,33.4918353,126.5923559,2,3,1,1,1,1,2,1,2,2024-11-06
봉개동,제주특별자치도 제주시 봉개동 2428-3,봉아름주유소 옆,33.4919042,126.5909079,2,3,1,1,1,1,2,1,2,2024-11-06
봉개동,제주특별자치도 제주시 봉개동 2015-9,갤럭시타운 남측,33.4883326,126.5936551,2,3,1,1,1,1,2,1,2,2024-11-06
봉개동,제주특별자치도 제주시 봉개동 2084-3,실과바늘수선 앞,33.4878536,126.596723,2,3,1,1,1,1,2,1,2,2024-11-06
봉개동,제주특별자치도 제주시 제주시 용강동 1538-1,용강마을회관 북측,33.4779364,126.5862231,2,3,1,1,1,1,2,1,3,2024-11-06
봉개동,제주특별자치도 제주시 용강동 1306-4,용강동마을회관 옆,33.4766016,126.5858167,2,3,1,1,1,1,2,1,2,2024-11-06
봉개동,제주특별자치도 제주시 봉개동 418-4,명도암버스정류장 옆 명도암마을 삼거리,33.4705453,126.6109885,2,4,1,1,1,1,2,1,2,2024-11-06
봉개동,제주특별자치도 제주시 회천동 2177-3  ,㈜현우전력(사장교 옆),33.4987894,126.6087965,2,3,1,1,1,1,3,1,2,2024-11-06
봉개동,제주특별자치도 제주시 회천동 1277,동회천마을 진입로(회천동 1277 앞) 입구,33.5041977,126.6145204,2,3,1,1,1,1,2,1,2,2024-11-06
봉개동,제주특별자치도 제주시 봉개동 1552-6,26번 버스회차지 앞,33.489116,126.59871,2,4,1,1,1,1,3,1,2,2024-11-06
봉개동,제주특별자치도 제주시 회천동 1315-1,동회천 버스정류장 남측,33.503789,126.6160801,1,3,1,1,,,2,0,2,2024-11-06
봉개동,제주특별자치도 제주시 봉개동 2482-4 ,봉개원룸 서측,33.490725,126.5900357,2,3,1,1,1,1,2,1,2,2024-11-06
봉개동,제주특별자치도 제주시 봉개동 609-2  ,손맛식당 옆,33.4842689,126.6038684,2,3,1,1,1,1,1,1,2,2024-11-06
봉개동,제주특별자치도 제주시 봉개동 297-4,안국사 버스정류장 옆,33.4684853,126.6112945,2,3,1,1,1,1,1,1,2,2024-11-06
봉개동,제주특별자치도 제주시 봉개동 1851-2,뒷슬빌라 가동 앞,33.4910078,126.5960155,2,3,1,1,1,1,2,1,2,2024-11-06
봉개동,제주특별자치도 제주시 봉개동 227-39  ,은혜마을 진입로,33.4653667,126.6156694,1,3,1,1,1,1,1,1,2,2024-11-06
봉개동,제주특별자치도 제주시 봉개동 1494-2,발트하임빌라 앞,33.4919173,126.6009753,2,3,1,1,1,1,2,1,2,2024-11-06
봉개동,제주특별자치도 제주시 봉개동 1353,번영로 용마가든 옆,33.4874161,126.5996576,2,3,1,1,1,1,2,1,2,2024-11-06
봉개동,제주특별자치도 제주시 봉개동 1407-1,봉개교회 출입구,33.4870329,126.6006701,1,3,1,1,1,1,2,1,2,2024-11-06
봉개동,제주특별자치도 제주시 도련일동 1229-3,ON하우스 앞,33.4949949,126.5938208,2,2,1,1,1,1,1,1,2,2024-11-06
봉개동,제주특별자치도 제주시 봉개동 270-3,참살이 체험농장 입구,33.4628844,126.6076245,2,3,1,1,,,,0,,2024-11-06
봉개동,제주특별자치도 제주시 번영로 407,한짓골 하우스 앞,33.4944204,126.586657,1,3,1,1,,,1,0,,2024-11-06
아라동,제주특별자치도 제주시 아라일동 6109-9  ,아봉로 32 앞,33.4770054,126.5472677,2,3,1,1,,,2,1,2,2024-11-06
아라동,제주특별자치도 제주시 아라일동 6128-5,아라1동 6128-5(아이파크서남측),33.4735289,126.5498997,2,5,1,1,1,1,4,1,4,2024-11-06
아라동,제주특별자치도 제주시 아라이동 34-14,제주대학교 정문 동측 주차장 입구,33.4602445,126.5630535,4,5,3,2,1,1,3,1,2,2024-11-06
아라동,제주특별자치도 제주시 영평동 2231-2,첨단과학단지 다음 맞은편 블록,33.450392,126.5734873,3,3,1,0,1,1,,1,2,2024-11-06
아라동,제주특별자치도 제주시 아라1동 415-1,춘강 맞은편,33.4531597,126.5509769,2,4,1,1,1,1,1,1,1,2024-11-06
아라동,제주특별자치도 제주시 월평동 1189-2,삼광사 앞,33.4733711,126.5705888,2,4,1,1,1,,1,1,1,2024-11-06
아라동,제주특별자치도 제주시 아라일동 2726-12  ,아라마트,33.477659,126.5361215,2,4,1,1,,,1,1,1,2024-11-06
아라동,제주특별자치도 제주시 금월길 90-1,금월길 90-1 (금천마을회관 앞),33.4810133,126.5533909,2,4,1,1,1,1,2,1,1,2024-11-06
아라동,제주특별자치도 제주시 아라이동 1162-3,나나어린이집 서측,33.4856357,126.5489384,2,4,1,1,1,1,2,1,,2024-11-06
아라동,제주특별자치도 제주시 아라이동 1474-2,자치경찰대 앞,33.4846771,126.5436263,4,6,2,1,1,1,3,1,1,2024-11-06
아라동,제주특별자치도 제주시 월평동 515,월평동 515번지 일원,33.4684654,126.576472,3,4,2,1,1,1,3,1,3,2024-11-06
아라동,제주특별자치도 제주시 영평동 548-3,영평동 548-3번지 (영평하동마을회관동측),33.4869178,126.5769025,1,4,1,1,1,1,2,1,1,2024-11-06
아라동,제주특별자치도 제주시 영평동 2436,영평동 2424-2앞 (신고북측),33.4802471,126.5606634,3,4,1,1,1,1,3,1,2,2024-11-06
아라동,제주특별자치도 제주시 영평동 1883-3  ,영평동 1883-3앞 (영평상동 마을회관),33.4761967,126.5683541,3,4,1,1,1,1,3,1,1,2024-11-06
아라동,제주특별자치도 제주시 오등동 604-5,오등동 604-5 (하늘채 가든앞),33.475262,126.5301365,2,5,1,1,1,1,2,1,2,2024-11-06
아라동,제주특별자치도 제주시 오등동 1419-2 ,오등9길 41 서측(오등마을회관 서측),33.4754743,126.5254755,2,5,1,1,1,1,2,1,,2024-11-06
아라동,제주특별자치도 제주시 오등동 1730-30,아연로 295 GS제주옹달샘점 앞,33.4667621,126.5193392,2,4,1,1,1,1,2,1,2,2024-11-06
아라동,제주특별자치도 제주시 간월동로5길 56,간월동로5길 56 (한라자동차학원앞),33.4893121,126.5475086,2,4,1,0,1,1,4,1,1,2024-11-06
아라동,제주특별자치도 제주시 간월동로5길 36,간월동로5길 36 (간드락마을회관),33.4901009,126.5493501,2,4,1,1,1,1,3,1,1,2024-11-06
아라동,제주특별자치도 제주시 아라1동 2348-4,구산동길 11-8 (성안교회 북측),33.4820642,126.5431935,3,3,1,1,1,1,3,1,,2024-11-06
아라동,제주특별자치도 제주시 아라2동 3008-1,신설로 56 탐라중 서측,33.4916421,126.5443068,5,4,2,1,1,1,3,1,2,2024-11-06
아라동,제주특별자치도 제주시 영평동 1054-3,영평동 1054-3 (원예자재앞),33.4880153,126.5734209,2,4,1,1,1,1,2,1,1,2024-11-06
아라동,제주특별자치도 제주시 아라일동 2894-3,장구마을 입구,33.475229,126.5318779,2,4,1,1,1,1,2,1,2,2024-11-06
아라동,제주특별자치도 제주시 오등동 405-15,오등동 405-15 (낙원비치 앞),33.4624263,126.5339203,,,,0,,,2,,3,2024-11-06
아라동,제주특별자치도 제주시 아라2동 3025,남광초등학교 동측 (다리),33.4930033,126.5410578,3,7,1,1,1,1,2,1,1,2024-11-06
아라동,제주특별자치도 제주시 아라일동 6111  ,가령골식당 앞 공영주차장(아라지구),33.4765697,126.5489012,2,4,1,1,1,1,4,1,1,2024-11-06
아라동,제주특별자치도 제주시 아라일동 6114-5,까리따스유치원 북측 공영주차장,33.4751233,126.5486293,2,4,1,1,1,1,3,1,1,2024-11-06
아라동,제주특별자치도 제주시 아라일동 6106-3  ,아라주공 북측 공영주차장,33.475392,126.5465378,4,3,2,1,1,1,2,1,,2024-11-06
아라동,제주특별자치도 제주시 아라2동 947-2  ,금천마을 뜨래별 입구,33.4795585,126.5535654,2,4,1,1,,,2,1,,2024-11-06
아라동,제주특별자치도 제주시 아라일동 6159,건우인더스 앞 주차장,33.4718828,126.5509903,2,5,1,1,1,1,3,1,2,2024-11-06
아라동,제주특별자치도 제주시 제주시 아라일동 6096,아라초등학교 남측 (제일교회 동측),33.4751638,126.5438352,4,3,2,1,1,1,3,1,1,2024-11-06
아라동,제주특별자치도 제주시 아라일동 6093-4,아라농협 뒤,33.4738682,126.5448256,,,,0,,,,,2,2024-11-06
아라동,제주특별자치도 제주시 아라일동 6064-4,제대병원 서북측 공영주차장,33.4694462,126.5429078,2,5,1,1,1,1,3,1,1,2024-11-06
아라동,제주특별자치도 제주시 아라일동 6068-9,봉이식육점 앞 공영주차장,33.470938,126.5432699,3,4,2,1,1,1,3,1,1,2024-11-06
아라동,제주특별자치도 제주시 아라일동 606,로얄식품 남측 공영주차장,33.4702872,126.5405461,2,5,1,1,1,1,2,1,1,2024-11-06
아라동,제주특별자치도 제주시 아라일동 6059  ,매전마을회관 서측 공영주차장,33.4719261,126.5402219,2,5,1,1,1,1,2,1,1,2024-11-06
아라동,제주특별자치도 제주시 아라일동 6051-4,매전마을회관 북측 공영주차장,33.473329,126.5407986,2,5,1,1,1,1,2,1,1,2024-11-06
아라동,제주특별자치도 제주시 아라일동 6046-5 ,청수빌 옆 공영주차장,33.4760814,126.5408328,3,4,1,1,1,1,2,1,2,2024-11-06
아라동,제주특별자치도 제주시 아라일동 6083-3,원신아파트 북측 공영주차장(진일마트),33.4720769,126.5439793,2,4,1,1,1,1,2,1,1,2024-11-06
아라동,제주특별자치도 제주시 아라이동 1190-1,화인퍼스트빌 8차 동측,33.4883475,126.5515965,,,,0,,,,,2,2024-11-06
아라동,제주특별자치도 제주시 아란13길 10,아란13길 10 앞. 제대병원 정문 (대한약국 옆),33.4690634,126.5461751,2,5,1,1,1,1,2,1,1,2024-11-06
아라동,제주특별자치도 제주시 아라일동 468-21,아라일동 468-21. 제대마을,33.4570812,126.554509,2,4,1,1,1,1,2,1,1,2024-11-06
아라동,제주특별자치도 제주시 아라이동 1462-10 ,한국농어촌공사장비관리소,33.4823763,126.546883,2,5,1,1,,,3,1,1,2024-11-06
아라동,제주특별자치도 제주시 영평동 2012 ,웃가시나물,33.4697379,126.5680287,2,5,1,1,1,1,2,1,1,2024-11-06
아라동,제주특별자치도 제주시 영평동 2166,제주장애인요양원 옆(첨단),33.4541936,126.571299,3,4,1,1,,,0,1,1,2024-11-06
아라동,제주특별자치도 제주시 아라일동 385-26,신비의 도로 ,33.4370235,126.5548221,4,3,1,1,,,2,1,1,2024-11-06
아라동,제주특별자치도 제주시 아라이동 1134-15,서영원룸 앞,33.4831235,126.5500106,1,4,1,1,,,2,1,,2024-11-06
아라동,제주특별자치도 제주시 월평동 1038-4 ,,33.4696566,126.5757692,2,4,1,0,,,1,,,2024-11-06
아라동,제주특별자치도 제주시 월평동 683-2 ,영주고 정문 앞,33.457453,126.5779395,3,4,1,1,,,,,2,2024-11-06
아라동,제주특별자치도 제주시 오등봉길 88,오등동 아정펠리즈 서측(오등봉길88),33.4735538,126.5225103,1,4,1,1,,,2,1,1,2024-11-06
아라동,제주특별자치도 제주시 오등동 1470-2,제주엔젤어린이집 동측,33.4773482,126.5213193,2,3,1,0,,,1,1,,2024-11-06
아라동,제주특별자치도 제주시 아라이동 942-6,제주어린이집 옆 (GS25시 옆),33.4785443,126.5530314,3,4,2,1,,,4,1,2,2024-11-06
아라동,제주특별자치도 제주시 아라이동 1360-12,,33.4876837,126.5433058,4,3,1,1,,,2,1,2,2024-11-06
아라동,제주특별자치도 제주시 산천단남2길 72  ,플리텍대학 동측 하늘바당원룸 앞,33.4490761,126.5644721,2,4,1,0,,,1,1,,2024-11-06
아라동,제주특별자치도 제주시 아라이동 2422-1,온누리 주유소 ,33.4863577,126.5420787,1,3,1,0,,,2,1,,2024-11-06
아라동,제주특별자치도 제주시 오등동 1351-10,진평연립 북측,33.471159,126.5238534,2,4,1,1,,,2,,,2024-11-06
아라동,제주특별자치도 제주시 영평동 844-4,영평 다정타운 ,33.4825395,126.5709446,2,4,1,1,,,4,1,,2024-11-06
아라동,제주특별자치도 제주시 아라일동 2486-3,연북로 대게식당 옆,33.4859177,126.5381102,1,2,1,1,,,,,,2024-11-06
아라동,제주특별자치도 제주시 아라일동 2612-29 ,구산길 여고 서측,33.4831961,126.5377501,3,5,1,1,,,3,1,2,2024-11-06
아라동,제주특별자치도 제주시 아라1동 481-9,제주대학교사거리 서측 앙끄레마을 부근,33.4558605,126.5498748,2,4,1,1,,,1,,,2024-11-06
아라동,제주특별자치도 제주시 아라이동 1412-10  ,대림빌라 입구 도로변 (간드락),33.4874046,126.5474716,3,4,1,1,,,2,1,2,2024-11-06
아라동,제주특별자치도 제주시 아라1동 387-2,관음사,33.4264727,126.55761,1,2,1,0,,,,,,2024-11-06
아라동,제주특별자치도 제주시 아라일동 362-47  ,,33.4457977,126.5618385,3,2,,0,,,1,,,2024-11-06
아라동,제주특별자치도 제주시 월평동 420-3,시각장애인복지회관,33.4706149,126.5811529,1,,1,0,,,,,,2024-11-06
아라동,제주특별자치도 제주시 아연로 307-9,교정아파트,33.4676789,126.5215608,2,4,1,0,,,1,,,2024-11-06
아라동,제주특별자치도 제주시 오등동 408 ,연강병원 앞,33.4611343,126.5336485,2,,1,0,,,,,,2024-11-06
아라동,제주특별자치도 제주시 영평동 2351-1,모자원,33.4745254,126.5650739,1,2,1,0,,,,,,2024-11-06
아라동,제주특별자치도 제주시 월평동 945 ,혜주원 뒤,33.4674082,126.573024,3,2,1,0,,,,,,2024-11-06
아라동,제주특별자치도 제주시 아라이동 1565-5,전원요양원,33.4800712,126.5465482,1,1,1,0,,,,,,2024-11-06
아라동,제주특별자치도 제주시 아라일동 2452-7,제주해양경찰,33.486803,126.5402327,1,2,1,0,,,,,,2024-11-06
아라동,제주특별자치도 제주시 오등1길 167-9,온난화대응농업연구소사옥내,33.4683462,126.5205975,,3,1,0,,,,,,2024-11-06
아라동,제주특별자치도 제주시 오등동 479-1,,33.464865,126.53332,2,3,1,1,,,2,,,2024-11-06
오라동,제주특별자치도 제주시 서광로2길 35,종합경기장입구,33.4981433,126.5142548,3,4,2,1,1,1,4,1,2,2024-11-06
오라동,제주특별자치도 제주시 오라로10길 7 ,주민센터 남쪽 30m 주차장,33.4949605,126.5116735,2,2,2,1,,,2,1,2,2024-11-06
오라동,제주특별자치도 제주시 오라일동 1006-2 ,푸주옥 옆,33.4943382,126.5179314,2,2,2,1,1,1,2,1,3,2024-11-06
오라동,제주특별자치도 제주시 사평4길 24,하늘그린빌라앞,33.491162,126.5122927,3,2,2,1,,,3,1,2,2024-11-06
오라동,제주특별자치도 제주시 오라일동 2453-10,삼도주택 앞,33.4968615,126.520678,2,3,2,1,1,1,2,1,2,2024-11-06
오라동,제주특별자치도 제주시 공설로 41,실내수영장동쪽,33.4967894,126.5180444,2,3,2,1,1,1,2,1,2,2024-11-06
오라동,제주특별자치도 제주시 공설로11길 2 ,공설마을회관동쪽,33.4980526,126.5190687,2,3,2,1,1,1,2,1,2,2024-11-06
오라동,제주특별자치도 제주시 공설로5길 4,공설마을회관앞,33.4981149,126.5170664,2,3,2,1,1,1,2,1,2,2024-11-06
오라동,제주특별자치도 제주시 동성길 41,경호상사앞,33.4966968,126.509631,2,3,2,1,1,1,3,1,2,2024-11-06
오라동,제주특별자치도 제주시 월구길 38 ,전파사관사앞,33.4991054,126.5064563,2,3,2,1,1,1,3,1,2,2024-11-06
오라동,제주특별자치도 제주시 월구길 12,오라3동경로당서쪽,33.4986621,126.503765,2,2,2,1,1,1,2,1,2,2024-11-06
오라동,제주특별자치도 제주시 오라삼동 2649-3,올리브나무어린이집동쪽,33.4963278,126.50541,2,2,2,1,,,2,1,2,2024-11-06
오라동,제주특별자치도 제주시 오라이동 899-3,한라도서관구내식당뒤편,33.4766282,126.5157678,,1,,1,,,,,,2024-11-06
오라동,제주특별자치도 제주시 오라2동2180-6,공구이마트 입구,33.4926756,126.5108597,2,2,2,1,,,2,1,2,2024-11-06
오라동,제주특별자치도 제주시 사평4길 33,사평마을회관앞,33.4902973,126.5125888,3,4,2,1,1,1,3,1,3,2024-11-06
오라동,제주특별자치도 제주시 오라이동 1404-2  ,오라초 후문,33.4901798,126.5140912,2,3,2,1,1,1,2,1,2,2024-11-06
오라동,제주특별자치도 제주시 연사길 100,웰빙파크빌북쪽,33.487779,126.5082845,2,3,2,1,,,2,1,2,2024-11-06
오라동,제주특별자치도 제주시 오라이동 691 ,정실마을회관앞,33.4689029,126.5086863,2,2,2,1,1,1,2,1,2,2024-11-06
오라동,제주특별자치도 제주시 오라이동 656-2  ,월정사주차창동쪽,33.4666939,126.5112437,2,3,2,1,,,2,1,2,2024-11-06
오라동,제주특별자치도 제주시 오남로6길 7,소울디자인맞은편,33.4919626,126.517283,2,3,2,1,,,2,1,3,2024-11-06
오라동,제주특별자치도 제주시 오라이동 1301-3  ,신동아문구 동측 하천변,33.4918214,126.5152663,2,2,1,1,,,2,1,2,2024-11-06
오라동,제주특별자치도 제주시 월구1길 21,징겸다리어린이집앞 ,33.4971573,126.5028487,1,2,1,1,,,4,1,2,2024-11-06
오라동,제주특별자치도 제주시 사평4길 44,세월하이츠빌남쪽주차장,33.4895338,126.5123361,2,3,2,1,1,1,3,1,2,2024-11-06
오라동,제주특별자치도 제주시 정실동길15  ,예스탑㈜북쪽,33.466156,126.5141961,2,3,2,1,1,1,3,1,2,2024-11-06
오라동,제주특별자치도 제주시 오라이동 1984-1,탐라자동차학원입구,33.4885835,126.510835,3,4,2,1,,,2,1,2,2024-11-06
오라동,제주특별자치도 제주시 오라이동 1984-1,탐라자동차학원입구,33.4885835,126.510835,,,1,0,,,1,1,2,2024-11-06
오라동,제주특별자치도 제주시 연미길 26,블루홀스관광 입구 옆,33.4908705,126.5067969,2,3,2,1,,,3,1,2,2024-11-06
오라동,제주특별자치도 제주시 아연로253 ,제주발전연구원주차장,33.4677953,126.5142219,2,1,1,0,1,1,,1,,2024-11-06
오라동,제주특별자치도 제주시 동성길 13,동성마을회관동쪽,33.498739,126.5112628,2,3,1,1,1,1,3,1,3,2024-11-06
오라동,제주특별자치도 제주시 오라이동 335-10,자연나라 앞,33.4402282,126.512566,1,1,1,0,,,,1,2,2024-11-06
오라동,제주특별자치도 제주시 오라이동 3030-2 ,연미마을동쪽,33.4865582,126.5056177,2,3,1,1,,,1,1,2,2024-11-06
오라동,제주특별자치도 제주시 서광로 52-21,거북이주유소 서남쪽,33.4981781,126.5024698,1,2,1,0,,,1,1,,2024-11-06
오라동,제주특별자치도 제주시 월구1길 70 ,제주춘강의원서측,33.4939786,126.5012554,,,,0,,,,,2,2024-11-06
오라동,제주특별자치도 제주시 연오로 47,중앙오름편션입구,33.4887985,126.5019652,2,2,1,1,,,1,1,,2024-11-06
오라동,제주특별자치도 제주시 오라삼동 2132-5,조광페인트 북쪽,33.4937831,126.5081648,1,2,1,1,,,2,1,2,2024-11-06
오라동,제주특별자치도 제주시 연삼로 187,오라주유소맞은편,33.4928308,126.5128111,1,2,1,0,,,1,1,,2024-11-06
오라동,제주특별자치도 제주시 오남로 46 ,제주보건소서쪽,33.4911413,126.5194971,,,,0,,,,,3,2024-11-06
오라동,제주특별자치도 제주시 오남로 231 ,제주아트센터구내,33.4753576,126.515893,2,2,,0,,,,1,,2024-11-06
오라동,제주특별자치도 제주시 오라남로 57-10,제광원 구내,33.4557265,126.5132429,3,2,1,0,,,,1,,2024-11-06
오라동,제주특별자치도 제주시 연오로 173,나이스빌라앞,33.477785,126.5003901,1,1,1,0,,,,1,,2024-11-06
오라동,제주특별자치도 제주시 아연로 113-11,정실다온가입구,33.4741397,126.5043055,2,3,1,0,,,2,1,2,2024-11-06
연동,제주특별자치도 제주시 연동 300-8  ,마리나호텔뒤,33.4929894,126.4974662,2,4,2,1,1,1,3,1,2,2024-11-06
연동,제주특별자치도 제주시 연동320-14,한흥주택앞,33.4923217,126.5001571,2,4,1,1,1,1,3,1,2,2024-11-06
연동,제주특별자치도 제주시 연동 320-12 ,풀무원동측,33.4928811,126.5013369,3,3,1,1,,1,4,1,2,2024-11-06
연동,제주특별자치도 제주시 연문4길 29,KT신제주점뒤,33.4906051,126.5001735,6,6,2,1,2,2,4,2,2,2024-11-06
연동,제주특별자치도 제주시 귀아랑길 31 ,도교육청뒤,33.4906479,126.4975164,6,0,1,1,1,1,5,1,2,2024-11-06
연동,제주특별자치도 제주시 선덕로3길 56,도청2청사후문앞,33.48856,126.5007767,3,3,1,1,2,1,2,1,2,2024-11-06
연동,제주특별자치도 제주시 문연로 6,도청2청사후문앞,33.4886081,126.4987476,5,1,2,1,1,1,,1,2,2024-11-06
연동,제주특별자치도 제주시 문송1길 31,귀아랑경로당 맞은편,33.4879927,126.5005289,3,3,1,1,1,1,2,1,2,2024-11-06
연동,제주특별자치도 제주시 신대로13길 38-3 ,기업은행연수원,33.4875319,126.500603,2,4,1,1,1,1,4,1,2,2024-11-06
연동,제주특별자치도 제주시 선덕로 23,웰컴센터내,33.4865224,126.4995754,2,2,1,1,1,1,2,1,2,2024-11-06
연동,제주특별자치도 제주시 선덕로3길 5,구보건환경연구원앞,33.4862162,126.4986812,3,3,1,1,1,1,4,1,2,2024-11-06
연동,제주특별자치도 제주시 문송길 27 ,제스코마트뒤,33.4871991,126.4973005,6,6,1,1,1,1,4,2,2,2024-11-06
연동,제주특별자치도 제주시 선덕로8길 3,ADT캡스 맞은편,33.4850029,126.5010332,2,4,1,1,1,1,4,1,2,2024-11-06
연동,제주특별자치도 제주시 선덕로6길 19,설문대서남측,33.4840208,126.4997772,3,3,1,1,1,1,6,1,4,2024-11-06
연동,제주특별자치도 제주시 신대로 139,수구레 해장국 맞은편,33.4849157,126.4971517,3,5,2,1,1,1,4,1,4,2024-11-06
연동,제주특별자치도 제주시 선덕로4길 33,미화주택 맞은편,33.4822745,126.4984951,4,5,1,1,1,1,4,1,2,2024-11-06
연동,제주특별자치도 제주시 신대로 60,미주호텔 북측,33.492346,126.4962307,3,3,1,1,1,1,3,1,2,2024-11-06
연동,제주특별자치도 제주시 연동 301-5,공관어린이집 맞은편,33.4911565,126.4960349,3,3,1,1,1,1,3,1,3,2024-11-06
연동,제주특별자치도 제주시 삼무로11길28,공간어린이집남측,33.4908705,126.4957824,7,7,1,2,2,2,4,1,3,2024-11-06
연동,제주특별자치도 제주시 신광로1길 10,학산맨션서측,33.4931549,126.4935451,3,3,2,1,1,1,3,1,2,2024-11-06
연동,제주특별자치도 제주시 신대로8길 42,신제주성당서북측,33.4929913,126.4922989,3,3,1,1,1,1,3,1,2,2024-11-06
연동,제주특별자치도 제주시 연동 280-18,삼무공원북측,33.4922512,126.4912874,3,3,1,1,1,1,2,1,2,2024-11-06
연동,제주특별자치도 제주시 신대로8길 38,삼무공원동측,33.4919786,126.4928078,3,3,1,1,1,1,2,1,2,2024-11-06
연동,제주특별자치도 제주시 연동 270-15,연동경로당서남측,33.4913399,126.4922898,2,2,1,1,1,1,2,1,2,2024-11-06
연동,제주특별자치도 제주시 신대로10길 46,삼무공원 화장실,33.4909834,126.4913309,6,8,2,2,2,2,4,1,2,2024-11-06
연동,제주특별자치도 제주시 연동 281-25,더호텔북서측,33.4903566,126.4932477,3,3,2,1,1,1,3,1,2,2024-11-06
연동,제주특별자치도 제주시 신대로104,구KBS북측도로,33.4886187,126.4960154,10,10,2,3,2,2,7,2,5,2024-11-06
연동,제주특별자치도 제주시 연동 304-10,태흥누리안5차남측,33.4846948,126.49577,3,3,1,1,1,1,2,1,2,2024-11-06
연동,제주특별자치도 제주시 연동 304-5 ,태흥누리안5차앞,33.4851489,126.4957613,4,5,1,1,1,1,4,1,2,2024-11-06
연동,제주특별자치도 제주시 연동12길 5,월드마트뒤,33.4852434,126.4933084,5,4,2,1,1,1,3,1,3,2024-11-06
연동,제주특별자치도 제주시 연동 274-51,연동274(도로 주소),33.4846254,126.490596,6,7,2,1,1,1,3,1,4,2024-11-06
연동,제주특별자치도 제주시 연동14길 13,한국걸스카웃연맹서측,33.4846237,126.4945003,3,3,1,1,1,1,3,1,2,2024-11-06
연동,제주특별자치도 제주시 연동 287-14,,33.4833039,126.4929952,2,3,1,1,1,1,2,1,2,2024-11-06
연동,제주특별자치도 제주시 연동 286,한국은행사택서남측,33.4834048,126.4919113,3,3,1,1,1,1,2,1,2,2024-11-06
연동,제주특별자치도 제주시 신대로22길25  ,건강관리협회북측,33.4823179,126.4925963,3,3,1,1,1,1,2,1,2,2024-11-06
연동,제주특별자치도 제주시 연동 279-8,연동공원북동측,33.4823226,126.4917152,2,4,1,1,1,1,3,1,2,2024-11-06
연동,제주특별자치도 제주시 연동 276-11,연동공원북동측,33.482366,126.4904482,6,5,2,1,2,2,3,2,3,2024-11-06
연동,제주특별자치도 제주시 연동 260-54 ,그레이스호텔맞은편,33.4900129,126.4890353,3,6,1,1,1,1,2,1,2,2024-11-06
연동,제주특별자치도 제주시 제원길 7,88돼지 앞,33.4893667,126.4895208,2,4,2,1,1,1,,1,2,2024-11-06
연동,제주특별자치도 제주시 제원길 16,제원아파트동측,33.4883319,126.4893226,4,4,1,1,1,1,,1,2,2024-11-06
연동,제주특별자치도 제주시 연동 261,제원아파트북서측,33.4883232,126.488114,5,6,1,1,1,1,4,1,3,2024-11-06
연동,제주특별자치도 제주시 신광로6길 37,제원아파트서측,33.4883503,126.4852329,2,3,1,1,1,1,4,1,2,2024-11-06
연동,제주특별자치도 제주시 제원3길 31-1,제원아파트서남측,33.4874004,126.485877,2,4,1,1,1,1,4,1,2,2024-11-06
연동,제주특별자치도 제주시 연동 252-41,이화주택서측,33.4862719,126.4864999,2,4,1,1,1,1,3,1,2,2024-11-06
연동,제주특별자치도 제주시 노연로 69 ,신라면세점북측,33.4864774,126.4875755,4,5,2,1,1,1,4,1,2,2024-11-06
연동,제주특별자치도 제주시 연동4길 16-11,유자사우나서측,33.4842001,126.4864842,4,6,2,1,2,2,5,1,2,2024-11-06
연동,제주특별자치도 제주시 연동 266-2,도원아미스아파트서측,33.4833243,126.4891416,3,3,1,1,1,1,4,1,2,2024-11-06
연동,제주특별자치도 제주시 연동 263-18 ,그랜드호텔나이트입구,33.4848765,126.489272,2,4,1,1,1,1,2,1,2,2024-11-06
연동,제주특별자치도 제주시 연동 1369,연동공원서측,33.4825091,126.4888417,2,3,1,1,1,1,3,1,2,2024-11-06
연동,제주특별자치도 제주시 연동 333,연동공원서측,33.4824538,126.4878011,2,4,1,1,1,1,3,1,2,2024-11-06
연동,제주특별자치도 제주시 연동4길 32,디지털한빛아파트서측,33.4833869,126.4866629,2,3,1,1,1,1,3,1,2,2024-11-06
연동,제주특별자치도 제주시 연동 124-2,양산수늘음빌라입구,33.4942937,126.4961958,2,3,1,1,1,1,2,1,2,2024-11-06
연동,제주특별자치도 제주시 연동 1928-2 ,석재사뒤,33.4944589,126.4932537,2,2,1,1,1,1,4,1,2,2024-11-06
연동,제주특별자치도 제주시 연동 2005-26,제성마을동측입구,33.4938469,126.4855776,2,2,1,1,1,1,3,1,2,2024-11-06
연동,제주특별자치도 제주시 2446-8,제성마을회관앞,33.4950813,126.483699,2,4,1,1,1,1,2,1,2,2024-11-06
연동,제주특별자치도 제주시 제성1길20  ,산림조합동측,33.4952306,126.48266,2,4,1,1,1,1,2,1,2,2024-11-06
연동,제주특별자치도 제주시 연동 2305-7,하나더마트동남측,33.4932617,126.4871832,3,3,1,1,1,1,5,1,2,2024-11-06
연동,제주특별자치도 제주시 도령로11길30  ,신광초등학교동측,33.4930377,126.4861697,2,4,1,1,1,1,5,1,2,2024-11-06
연동,제주특별자치도 제주시 연동 1965-3,신광초남측,33.4912281,126.4850552,3,3,1,1,1,1,4,1,2,2024-11-06
연동,제주특별자치도 제주시 연동 2427,신광초북측한도빌라,33.4931598,126.4841782,3,3,1,1,1,1,2,1,2,2024-11-06
연동,제주특별자치도 제주시 연동 2336-1 ,신광경로당 앞,33.4917387,126.4825604,3,,,1,1,1,4,1,2,2024-11-06
연동,제주특별자치도 제주시 연동 2336-1,해성빌라북측,33.4917387,126.4825604,,4,2,0,1,1,,1,2,2024-11-06
연동,제주특별자치도 제주시 연동 1962-1,남녕고체육관동측,33.4908831,126.4828032,3,4,1,1,1,1,5,1,2,2024-11-06
연동,제주특별자치도 제주시 남녕로54  ,지산13차위더스빌,33.4921139,126.480012,3,3,2,1,1,1,5,1,2,2024-11-06
연동,제주특별자치도 제주시 연동 441,연동sk주유소동남측,33.481396,126.498418,1,2,1,1,1,1,1,1,2,2024-11-06
연동,제주특별자치도 제주시 연동 512-4 ,해역사북측,33.4794191,126.4980948,2,4,1,1,1,1,1,1,2,2024-11-06
연동,제주특별자치도 제주시 연동 546-1,연동종합복지회관,33.4796468,126.4957105,3,3,1,1,1,파손,2,1,2,2024-11-06
연동,제주특별자치도 제주시 연동 2477-36,도지사관사동측,33.4809885,126.5008267,1,2,1,1,,,1,1,2,2024-11-06
연동,제주특별자치도 제주시 연동 1374-1  ,신시가지에이스아크호텔,33.4813003,126.4914365,2,4,2,1,1,1,2,1,2,2024-11-06
연동,제주특별자치도 제주시 연동 1458-2 ,진숙빌딩동측,33.48106,126.4909108,4,8,2,1,2,2,4,1,2,2024-11-06
연동,제주특별자치도 제주시 연동1504,제70호오린이공원북측,33.4799828,126.4913142,5,6,2,1,1,1,3,1,2,2024-11-06
연동,제주특별자치도 제주시 연동 1499  ,공영주차장내,33.4785105,126.4906228,4,5,1,1,1,1,4,1,2,2024-11-06
연동,제주특별자치도 제주시 연동 1517  ,대림아파트동남측,33.4783393,126.4905772,5,6,2,1,2,2,4,1,3,2024-11-06
연동,제주특별자치도 제주시 연동 1370-2,쌍봉냉면동측,33.4814088,126.4879396,3,4,1,1,1,1,4,,2,2024-11-06
연동,제주특별자치도 제주시 연동 2478-12,LPG충전소서측,33.4761659,126.4891248,2,4,1,1,1,1,3,1,2,2024-11-06
연동,제주특별자치도 제주시 연동 1357-12 ,예치과남측,33.4753772,126.4880238,2,3,1,1,1,1,2,1,2,2024-11-06
연동,제주특별자치도 제주시 은수길85,수목원길,33.4691308,126.4872969,3,5,1,1,,,3,1,2,2024-11-06
연동,제주특별자치도 제주시 연동 1301,웰빙빌리지앞,33.4676347,126.4875453,2,4,1,1,1,1,3,,2,2024-11-06
연동,제주특별자치도 제주시 은수길5,예치과남측,33.4756622,126.4860832,2,3,1,1,,,2,1,2,2024-11-06
연동,제주특별자치도 제주시 연동 2477,신제주변전소입구,33.4732733,126.486964,1,1,2,0,,,2,,0,2024-11-06
노형동,제주특별자치도 제주시 노형동 916-1,노형동 916-1 반대편 신라면세점주차장 반대편 흘천따라,33.4869734,126.4859816,3,,3,1,,1,3,1,2,2024-11-06
노형동,제주특별자치도 제주시 노형동 916-1 ,노형동 916-1 반대편 신라면세점주차장 반대편 흘천따라,33.4869734,126.4859816,,4,,0,1,1,,1,,2024-11-06
노형동,제주특별자치도 제주시 노형동 910-7  ,노형동 910-7 앞 노형동제10호어린이공원 앞,33.4866592,126.4839022,6,6,1,1,1,1,4,1,2,2024-11-06
노형동,제주특별자치도 제주시 노형동 904-10,노형동 904-10 앞 노형파크랜드 옆 주차장,33.4873426,126.4824515,2,3,1,1,,,2,1,2,2024-11-06
노형동,제주특별자치도 제주시 노형동 912-11,노형동 912-11 앞 해안아모르빌 앞,33.4866703,126.4822952,3,4,2,1,,,4,1,2,2024-11-06
노형동,제주특별자치도 제주시 노형동 765,노형동 677-2 앞 시티주유소옆,33.4761782,126.480013,3,3,2,1,1,1,3,1,2,2024-11-06
노형동,제주특별자치도 제주시 노형동 932-6  ,노형동 932-6 앞 사쿠라호텔에서 동쪽으로 40m지점 주차장앞,33.484499,126.4834536,2,3,1,1,1,1,3,1,2,2024-11-06
노형동,제주특별자치도 제주시 노형동 938,노형동 938 앞 행복나눔마트 뒤,33.4848802,126.4843481,4,4,2,1,1,1,5,1,2,2024-11-06
노형동,제주특별자치도 제주시 노형동 941-3,노형동 941-3 옆 전 한라골프장 반대편 흘천따라,33.4842432,126.4864644,4,,,0,1,1,,1,2,2024-11-06
노형동,제주특별자치도 제주시 노형동 941-3,노형동 941-3 옆 전 한라골프장 반대편 흘천따라,33.4842432,126.4864644,,4,2,2,1,1,4,1,,2024-11-06
노형동,제주특별자치도 제주시 노형동 722-3,노형동 722-3 옆 메르헨하우스 동쪽반대편 흘천따라,33.4824457,126.4866173,3,3,1,1,1,1,3,1,2,2024-11-06
노형동,제주특별자치도 제주시 노형동 945,노형동 945 옆 유나이드아파트 앞,33.4834613,126.4862317,2,3,2,1,1,1,3,1,2,2024-11-06
노형동,제주특별자치도 제주시 해안동 747-4,해안동 747-4 앞 화랑마을안,33.4608786,126.4646815,1,2,1,1,,,1,1,1,2024-11-06
노형동,제주특별자치도 제주시 노형동 244-14,노형동 244-14 브릭캠퍼스 북측 주차장,33.4588543,126.4855248,,,,0,,,,,2,2024-11-06
노형동,제주특별자치도 제주시 노형동 1274-8,노형동 1274-8 앞 노형동제49호어린이공원앞,33.4891232,126.4816066,4,7,2,1,1,1,5,1,2,2024-11-06
노형동,제주특별자치도 제주시 노형동 1066-1,노형동 1066-1 옆 (양돈축협옆 50호어린이공원 동측),33.4886495,126.4779226,4,6,2,1,1,1,4,1,2,2024-11-06
노형동,제주특별자치도 제주시 노형동 1297-5,노형동 1066-1 옆 (양돈축협옆  50호어린이공원 서측),33.4884096,126.4775447,2,3,2,1,1,1,,1,2,2024-11-06
노형동,제주특별자치도 제주시 노형동 1297-1  ,노형동 1171-4 앞 월랑초등학교 후문 커브,33.4925269,126.4772778,4,3,2,1,1,1,4,1,2,2024-11-06
노형동,제주특별자치도 제주시 노형동 1047-1,노형동 1047-1 앞  런던세차장 앞,33.4914946,126.4793498,4,5,2,1,,,3,1,2,2024-11-06
노형동,제주특별자치도 제주시 노형동 1224-1,노형동 1224-1 앞 월마트 서측 10m지점,33.4908643,126.4752561,3,3,2,1,1,1,5,1,2,2024-11-06
노형동,제주특별자치도 제주시 노형동 1156-4 ,노형동 1020-3 앞 월광로 길벗식당에서 서쪽으로 20m,33.4922598,126.4743405,4,5,2,1,1,1,4,1,2,2024-11-06
노형동,제주특별자치도 제주시 해안동 2784-3,해안동3 북측(주르레교 서측),33.449778,126.479672,2,3,1,1,1,1,2,1,2,2024-11-06
노형동,제주특별자치도 제주시 노형동 1282-1 ,노형동 1282-1 노형타워뒤 무료주차장,33.4862534,126.4780258,,6,2,1,1,1,,1,2,2024-11-06
노형동,제주특별자치도 제주시 노형동 1282-1  ,노형동 1282-1 노형타워뒤 무료주차장,33.4862534,126.4780258,6,,2,0,1,1,4,1,2,2024-11-06
노형동,제주특별자치도 제주시 노형동 1056-4 ,노형동 1056-4 앞 노형동53호 공원 북쪽 커브,33.4874127,126.4753034,4,5,2,1,,1,5,1,2,2024-11-06
노형동,제주특별자치도 제주시 노형동 1285-2,노형동 1285-2 앞 노형초 동측 52호어린이공원공원 서쪽,33.4853013,126.4765694,2,4,2,1,1,1,3,1,2,2024-11-06
노형동,제주특별자치도 제주시 노형동 2531-5 ,노형동 2531-5 앞 그린마트 앞 92호어린이공원 서쪽 커브,33.4848349,126.4729122,3,5,1,1,1,1,4,1,2,2024-11-06
노형동,제주특별자치도 제주시 노형동 2511-1,노형동 2511-2 성환아파트 부근 어린이공원 앞,33.4842708,126.4710494,3,3,1,1,1,1,3,1,2,2024-11-06
노형동,제주특별자치도 제주시 노형동 2534-3,노형동 2534-3 푸른목장식당 북쪽 10m지점 주차장 남측,33.483409,126.4744042,2,4,1,1,1,1,4,1,2,2024-11-06
노형동,제주특별자치도 제주시 노형동 2534-3,노형동 2534-3 푸른목장식당 북쪽 10m지점 주차장 북측,33.483723,126.4740719,2,3,1,1,1,1,3,1,2,2024-11-06
노형동,제주특별자치도 제주시 노형동 2619-1,노형동 2513-6 앞 정존마을회관앞,33.4829345,126.4719895,3,3,2,1,1,1,4,1,2,2024-11-06
노형동,제주특별자치도 제주시 노형동 2512-3  ,노형동 2512-2 탐라빌 동쪽 주차장,33.4838578,126.4714035,3,4,1,1,1,1,3,1,2,2024-11-06
노형동,제주특별자치도 제주시 노형동 1561-2,노형동 1561-2 앞 시티주유소 서측 50지점 동산,33.4762134,126.4783326,3,4,2,1,1,1,3,1,2,2024-11-06
노형동,제주특별자치도 제주시 해안동 2806 ,해안동 2523 앞 해안어린이집입구,33.4550955,126.4512849,1,3,1,1,,,1,1,1,2024-11-06
노형동,제주특별자치도 제주시 노형동 3404,노형동3403-3번지,33.4701169,126.4683856,2,4,1,1,1,1,3,1,2,2024-11-06
노형동,제주특별자치도 제주시 해안동 2793-1,해안동 2094-1 반대편 해안마을 입구,33.4625781,126.452741,3,3,1,1,1,1,3,1,2,2024-11-06
노형동,제주특별자치도 제주시 노형동 3101-1,해담은 어린이집(노형동3101-8),33.477808,126.4652894,2,3,1,1,1,1,2,1,2,2024-11-06
노형동,제주특별자치도 제주시 노형동 3812-2 ,노형동 3812-2 탐라도서관 북측주차장 옆,33.4778072,126.477537,2,4,2,1,1,1,3,1,2,2024-11-06
노형동,제주특별자치도 제주시 노형동 740-2,노형동 740-2 양촌리마을삼계탕집반대편주차장,33.4792762,126.4816968,2,4,2,1,,1,3,1,2,2024-11-06
노형동,제주특별자치도 제주시 노형동 2598-2,노형동 2580-1 앞 동마빌딩 뒤 주차장 앞,33.4889118,126.474951,3,3,1,1,1,1,4,1,2,2024-11-06
노형동,제주특별자치도 제주시 노형동 2575-1,노형동 2575-1 앞 주차장 동측(월랑로 69 건물 뒤편 도로변),33.4907911,126.4732616,3,3,2,1,1,1,2,1,2,2024-11-06
노형동,제주특별자치도 제주시 노형동 2595-7,노형동 2595-7 앞 노형지구대뒤 93호어린이공원뒤 주차장북쪽커브,33.4816456,126.4721169,3,3,1,1,1,1,3,1,2,2024-11-06
노형동,제주특별자치도 제주시 노형동 2589-1,노형동 2589-1 앞 루스트플레이스 노형점 뒤편,33.4836456,126.4700305,2,3,2,1,,1,2,1,2,2024-11-06
노형동,제주특별자치도 제주시 노형동 766,제주우편집중국 남측 도로변(제주일고 울타리),33.4811657,126.4802309,2,4,2,1,1,1,2,1,2,2024-11-06
노형동,제주특별자치도 제주시 노형동 2292-1,노형동 2292-1 앞 현일주택 앞,33.4778651,126.4718788,3,3,1,1,1,1,2,1,2,2024-11-06
노형동,제주특별자치도 제주시 노형동 1060-4,노형동 1060-4 앞 동덕아파트 서쪽 ,33.4863868,126.474894,3,4,2,1,1,1,3,1,2,2024-11-06
노형동,제주특별자치도 제주시 노형동 1094-4,월랑초등학교 북측 울타리(대홍빌라 맞은편),33.493078,126.4780188,3,3,2,1,1,1,3,1,2,2024-11-06
노형동,제주특별자치도 제주시 해안동 1862-4,해안동 1862-1 앞,33.4523912,126.4569744,2,2,1,1,1,1,2,1,1,2024-11-06
노형동,제주특별자치도 제주시 노형동 767,노형동 721 한샘사우나 서측(북측),33.481371,126.4833038,8,,,0,,,4,1,2,2024-11-06
노형동,제주특별자치도 제주시 노형동 767,노형동 721 한샘사우나 서측(남측),33.481371,126.4833038,,6,2,1,1,1,0,1,2,2024-11-06
노형동,제주특별자치도 제주시 월산남2길 44-2,월산남2길 도근천 앞(월산체육공원 남측),33.4684507,126.4623994,3,3,1,1,1,1,3,1,2,2024-11-06
노형동,제주특별자치도 제주시 노형동 3803-6 ,노형동 3803-6 주차장 내(창조공간 옆),33.4813668,126.4754687,2,5,1,1,1,1,2,1,2,2024-11-06
노형동,제주특별자치도 제주시 노형동 3800-6,노형동 3800-6번지 탐라도서관 북측 빽다방 서쪽 주차장 내,33.4802524,126.4774663,2,3,1,1,1,1,2,1,2,2024-11-06
노형동,제주특별자치도 제주시 정원로 50,탐라도서관 정문(서측),33.4788598,126.4765037,3,3,2,1,1,1,0,1,2,2024-11-06
노형동,제주특별자치도 제주시 노형동 3764-6,노형동 3798-1 맞은편 일고 울타리,33.4811648,126.4785855,2,3,2,1,1,1,2,1,2,2024-11-06
노형동,제주특별자치도 제주시 노형동 3819,노형동 3801-11 GS25탐라도서관점 동측 (누룽지 삼계탕 서측,33.4794403,126.4778502,2,4,1,1,1,1,1,1,2,2024-11-06
노형동,제주특별자치도 제주시 노형동 291-2 ,신비의도로 주차장 내,33.450808,126.4874189,6,4,2,1,1,1,,1,2,2024-11-06
노형동,제주특별자치도 제주시 노형동 571-3,노형동 571-3 연동성당 북측,33.4692062,126.4843412,3,3,2,0,1,1,2,2,2,2024-11-06
노형동,제주특별자치도 제주시 노형동 2661,월광로 97 황소고집 식당 서측,33.4883788,126.4694505,3,3,1,1,1,1,1,2,2,2024-11-06
노형동,제주특별자치도 제주시 월랑로 83,S중앙병원 부근 거멍흑돼지장어하루 뒤편,33.4921472,126.4718765,2,3,2,1,1,1,2,1,2,2024-11-06
노형동,제주특별자치도 제주시 노형동 3561,노형동 3561 앞 동산어린이집 북측,33.4746171,126.4606981,2,3,1,1,1,1,2,,2,2024-11-06
노형동,제주특별자치도 제주시 수목원서길 37,해안경비단 뒤(선마을어린이집 앞 삼거리),33.4688645,126.4801277,1,3,1,1,,,1,2,2,2024-11-06
노형동,제주특별자치도 제주시 노형동 2617-3  ,노형동 2614-5 앞 방송통신대 뒤,33.4858812,126.4734064,3,4,2,1,,,4,1,2,2024-11-06
노형동,제주특별자치도 제주시 월광로 39 ,노형동 2815 펠리체 서측 울타리,33.4855329,126.464423,2,2,1,1,,,2,1,2,2024-11-06
노형동,제주특별자치도 제주시 노형동 3822,노형동 3811 흑돈가 동측 저류지 앞 도로변,33.4804806,126.4735201,6,6,1,2,,,2,1,2,2024-11-06
노형동,제주특별자치도 제주시 1100로 3214,노형동 71-2 삼화원룸앞,33.4734803,126.4843116,2,3,1,1,,,3,1,3,2024-11-06
노형동,제주특별자치도 제주시 노형동 3769  ,해비치스토리 앞,33.4653597,126.4760159,1,2,1,1,,,1,,1,2024-11-06
노형동,제주특별자치도 제주시 노형동 733,노형동 733 및 노형동 726-4 사이 인도변,33.4814982,126.4844648,,,,0,,,2,,1,2024-11-06
노형동,제주특별자치도 제주시 고사마루길 67-4,노형동 2239-1 앞(트윈하우스 맞은편),33.475528,126.4727801,1,4,1,1,,,2,1,1,2024-11-06
노형동,제주특별자치도 제주시 노형동 3795-3  ,노형동 3795-3 영남그린빌라 입구,33.4825958,126.475702,2,2,1,1,,,1,,1,2024-11-06
노형동,제주특별자치도 제주시 노형동 3766-25 ,노형동 2405 앞 광평 참사랑어린이집 입구,33.4819501,126.4686854,2,2,1,1,,,3,1,1,2024-11-06
노형동,제주특별자치도 제주시 노형동 3766-25 ,노형동 3023-1 앞 광평빌라 서측,33.4809622,126.4681204,2,2,1,1,,,2,1,,2024-11-06
노형동,제주특별자치도 제주시 노형동 3766 ,노형동 2261-1 월산정수장앞,33.477299,126.4691541,1,2,1,1,,,1,1,2,2024-11-06
노형동,제주특별자치도 제주시 해안동 2482-2,해안동 2482-2 앞 해군호텔서측,33.4588835,126.4482399,2,2,,0,,,0,,,2024-11-06
노형동,제주특별자치도 제주시 해안동 2338-6,해안동 2338-6 앞 제일일출빌리지뒤(행복한나무어린이집 앞),33.4648233,126.4505218,1,2,1,0,,,1,1,,2024-11-06
노형동,제주특별자치도 제주시 수목원서길 17,노형동 568 앞 공영버스차고지,33.4692913,126.4832464,1,2,1,0,,,,,,2024-11-06
노형동,제주특별자치도 제주시 해안마을서4길 39,해안동 2440-1 썬그린민박 입구,33.4584373,126.4503649,2,3,,1,,,1,1,,2024-11-06
외도동,제주특별자치도 제주시 외도일동 442-5,우정로4길 공원 동쪽,33.4903982,126.4303643,3,3,1,0,1,1,2,1,2,2024-11-06
외도동,제주특별자치도 제주시 외도이동 2552-28,대원암 앞,33.4950209,126.4350669,2,4,1,1,1,1,2,1,2,2024-11-06
외도동,제주특별자치도 제주시 외도일동 493-1,우정로 10길 주차장내,33.4886118,126.4282598,0,4,2,1,1,1,3,1,1,2024-11-06
외도동,제주특별자치도 제주시 외도일동 493-1,우정로 10길 주차장내,33.4886118,126.4282598,4,1,0,0,1,1,,1,1,2024-11-06
외도동,제주특별자치도 제주시 외도이동 2551,월대천 옆,33.4922692,126.4349846,2,3,1,1,1,1,2,1,2,2024-11-06
외도동,제주특별자치도 제주시 외도일동 448-1,절물2길 주차장내,33.4919436,126.432152,0,5,1,1,1,1,3,1,2,2024-11-06
외도동,제주특별자치도 제주시 외도일동 448-1  ,절물2길 주차장내,33.4919436,126.432152,5,0,0,0,1,1,,1,1,2024-11-06
외도동,제주특별자치도 제주시 외도일동 482-1,절물1길 주차장내,33.4899427,126.432494,0,6,0,0,1,1,4,1,2,2024-11-06
외도동,제주특별자치도 제주시 외도일동 482-1,절물1길 주차장내,33.4899427,126.432494,4,1,2,2,1,1,,1,2,2024-11-06
외도동,제주특별자치도 제주시 외도일동 656-1,우령2길 공원(78호)남측,33.488359,126.4318764,2,3,1,1,1,1,1,1,2,2024-11-06
외도동,제주특별자치도 제주시 외도일동 634-6,우령4길 공원(72호) 동측,33.4858608,126.4302473,4,0,2,2,1,1,4,1,2,2024-11-06
외도동,제주특별자치도 제주시 외도일동 634-6,우령4길 공원(72호) 동측,33.4858608,126.4302473,0,5,0,0,1,1,,1,1,2024-11-06
외도동,제주특별자치도 제주시 외도일동 632-7 ,우정로16길 주차장,33.485907,126.4287573,4,0,2,1,1,1,3,1,2,2024-11-06
외도동,제주특별자치도 제주시 외도일동 632-7,우정로16길 주차장,33.485907,126.4287573,0,6,0,0,1,1,,1,1,2024-11-06
외도동,제주특별자치도 제주시 외도일동 492-11,71호 공원 동남측(외도1동 492-11),33.4871029,126.4276784,2,4,1,1,1,1,3,1,2,2024-11-06
외도동,제주특별자치도 제주시 외도일동 496-17,우령안1길 주차장내,33.4878825,126.4294715,2,4,2,1,1,1,3,1,3,2024-11-06
외도동,제주특별자치도 제주시 외도일동 455-1,우령8길 공원(75호)서측,33.4902154,126.4274645,2,3,1,1,1,1,3,1,3,2024-11-06
외도동,제주특별자치도 제주시 외도일동 440-7,주차장내,33.4906644,126.4287054,2,3,2,1,1,1,3,1,3,2024-11-06
외도동,제주특별자치도 제주시 외도1동 417-6 ,주차장내  (골드하우스 동쪽),33.4914364,126.4302604,0,4,2,1,1,1,3,1,3,2024-11-06
외도동,제주특별자치도 제주시 외도일동 417-6  ,주차장내  (골드하우스 동쪽),33.4914364,126.4302604,5,0,0,0,1,1,,1,2,2024-11-06
외도동,제주특별자치도 제주시 외도일동 1666-2 ,영신교회 앞 계명동 저류조 옆,33.4883954,126.426002,2,3,1,2,1,1,2,1,3,2024-11-06
외도동,제주특별자치도 제주시 외도이동 1964-1,구 연대복지회관 옆,33.4939562,126.4263219,2,2,2,1,1,1,2,1,2,2024-11-06
외도동,제주특별자치도 제주시 외도이동 1988-4 ,섬타임즈펜션 앞,33.4933953,126.4241315,2,2,1,1,1,1,3,1,2,2024-11-06
외도동,제주특별자치도 제주시 내도동 174-1 ,매일조아라연립 옆,33.4853323,126.4460388,2,2,1,1,1,1,3,1,2,2024-11-06
외도동,제주특별자치도 제주시 도평동 876-3,장군천 진입로 옆,33.4792306,126.4481735,2,3,1,0,1,1,2,1,2,2024-11-06
외도동,제주특별자치도 제주시 도평동 1403,도평길 73 앞 삼거리,33.4785611,126.4517067,2,4,1,1,1,1,4,1,3,2024-11-06
외도동,제주특별자치도 제주시 도평동 579-1  ,신산마을길 주차장,33.489367,126.4503703,3,4,1,1,1,1,2,1,2,2024-11-06
외도동,제주특별자치도 제주시 내도7길 4,내도 성진슈퍼 앞,33.4934835,126.4422482,4,4,1,1,1,1,2,1,3,2024-11-06
외도동,제주특별자치도 제주시 외도일동 438-3,어린이공원(73호) 동측,33.4916416,126.4281022,2,,1,1,1,1,4,1,3,2024-11-06
외도동,제주특별자치도 제주시 외도일동 530-1,주차장내 (도남오거리식당 앞),33.4887029,126.4333587,2,3,1,1,1,1,3,1,2,2024-11-06
외도동,제주특별자치도 제주시 외도이동 332-1 ,월대5길 씨엔텔 동측,33.4941111,126.4328115,1,3,1,0,1,1,2,1,2,2024-11-06
외도동,제주특별자치도 제주시 외도일동 453-1 ,주차장내 (분수공원 북쪽),33.4911845,126.4342244,3,3,1,2,1,1,3,1,2,2024-11-06
외도동,제주특별자치도 제주시 내도동 900,논셋길 도로변,33.4898834,126.441066,1,3,1,0,1,1,2,1,2,2024-11-06
외도동,제주특별자치도 제주시 외도일동 523-3,어린이공원(78호) 동측,33.4883867,126.4325768,2,2,1,0,1,1,2,1,2,2024-11-06
외도동,제주특별자치도 제주시 외도이동 233-8,동주민센터 동측주차장,33.4930534,126.4328031,3,2,2,1,1,1,2,1,2,2024-11-06
외도동,제주특별자치도 제주시 도평동 1191-1 ,제1사라교하천 앞,33.4702657,126.4456764,2,2,,1,,,1,1,2,2024-11-06
외도동,제주특별자치도 제주시 외도일동 2252-1,조부천 변,33.4841302,126.4215472,2,3,1,1,1,1,2,1,2,2024-11-06
외도동,제주특별자치도 제주시 도평동 355-2,대한건재 남측,33.4790726,126.4569487,2,2,1,1,1,1,2,1,2,2024-11-06
외도동,제주특별자치도 제주시 외도일동 2276-6  ,극락암 앞,33.4858102,126.4247223,2,2,1,1,1,1,2,1,2,2024-11-06
외도동,제주특별자치도 제주시 내도동 297-1 ,내도동 롯데택배 앞,33.4926667,126.4434827,3,3,1,1,1,1,3,1,2,2024-11-06
외도동,제주특별자치도 제주시 내도동 461-4,내도동 운동장 앞,33.496687,126.4414978,3,2,1,1,1,1,1,1,2,2024-11-06
외도동,제주특별자치도 제주시 내도동 662-1  ,내도 모닝빌 앞,33.4924349,126.4381162,2,3,1,1,1,1,2,1,2,2024-11-06
외도동,제주특별자치도 제주시 외도일동 2552-16,조공포길 (부영동쪽도로상),33.4853557,126.4345736,1,2,1,0,1,1,2,1,2,2024-11-06
외도동,제주특별자치도 제주시 내도동 625-5,내도복지회관 앞,33.4941715,126.4395891,2,3,1,1,1,1,3,1,2,2024-11-06
외도동,제주특별자치도 제주시 내도동 533-3,내도포구옆 임당수횟집,33.4953229,126.4365555,2,3,1,1,1,1,2,1,2,2024-11-06
외도동,제주특별자치도 제주시 외도일동 2552-16,성지요양원 옆,33.4823579,126.4383703,2,2,1,0,,,,,2,2024-11-06
외도동,제주특별자치도 제주시 도평동 1246-1,도평동 1257(과) 서쪽,33.4777817,126.4433932,2,2,1,0,1,1,2,1,2,2024-11-06
외도동,제주특별자치도 제주시 도평동 1346-1,어시천교 밑,33.4821898,126.4440456,1,3,1,1,,,2,1,2,2024-11-06
외도동,제주특별자치도 제주시 내도동 14-2,씨앤호텔 동측,33.4940661,126.447445,,,,0,,,,1,2,2024-11-06
외도동,제주특별자치도 제주시 외도이동 2552,CJ제일제당 앞,33.4915472,126.42267,,,,0,,,,,2,2024-11-06
외도동,제주특별자치도 제주시 도평동 956,혼디사랑요양원,33.4759197,126.4509261,2,2,,0,,,,,2,2024-11-06
외도동,제주특별자치도 제주시 대통길 80,하이어스8차,33.4873012,126.4454298,2,4,1,0,,,2,,,2024-11-06
외도동,제주특별자치도 제주시 내도동 374-9,,33.495222,126.444505,4,6,1,0,,,2,,,2024-11-06
외도동,제주특별자치도 제주시 일주서로 7463 ,내도마트 옆,33.4935866,126.4444365,2,2,2,1,,,2,1,2,2024-11-06
외도동,제주특별자치도 제주시 외도일동 624-2,송호빌라 앞,33.4839451,126.4338596,2,3,1,0,1,,2,1,,2024-11-06
외도동,제주특별자치도 제주시 도평동 1024,제주요양원,33.474461,126.448377,3,2,,0,,,,,1,2024-11-06
외도동,제주특별자치도 제주시 도평동 426-3,신산마을길 (중),33.4812197,126.4563801,1,2,1,0,,,2,1,2,2024-11-06
외도동,제주특별자치도 제주시 도평동 520-3 ,나눔요양원,33.4856514,126.452972,2,3,0,0,,,2,1,,2024-11-06
이호동,제주특별자치도 제주시 이호일동 613-15,동마을 입구 (도로),33.5005356,126.4612399,2,3,1,2,1,1,3,1,2,2024-11-06
이호동,제주특별자치도 제주시 이호일동 328-2  ,동마을회관 옆 (도로),33.5023137,126.4609812,2,3,1,1,1,1,2,1,2,2024-11-06
이호동,제주특별자치도 제주시 이호일동 495-1,장미어린이집 앞(도로),33.5019541,126.4589421,2,2,1,1,1,1,2,1,2,2024-11-06
이호동,제주특별자치도 제주시 이호일동 361-3,서마을 무료주차장(도로),33.5025234,126.4577978,2,3,1,1,,,2,1,2,2024-11-06
이호동,제주특별자치도 제주시 이호일동 375-27 ,감동 해물라면 옆 (도로),33.5019963,126.4562738,1,2,1,0,,,1,1,,2024-11-06
이호동,제주특별자치도 제주시 백포서길 5 ,이호동 주민센터 옆 (도유지),33.4995525,126.4583126,2,3,1,1,1,1,3,1,2,2024-11-06
이호동,제주특별자치도 제주시 이호일동 665-11,이호동 주민센터 버스승차대 옆(도로),33.4984714,126.4579777,2,3,1,1,1,1,2,1,2,2024-11-06
이호동,제주특별자치도 제주시 이호일동 748-3 ,군산상회선과장 옆(도로),33.4971449,126.4592958,1,2,1,1,,,1,1,2,2024-11-06
이호동,제주특별자치도 제주시 이호일동 1652-1, 해수욕장 입구 (도로),33.4965693,126.4550406,2,2,1,0,1,1,2,1,2,2024-11-06
이호동,제주특별자치도 제주시 이호일동 1668-1,현사마을 동측입구(도로),33.4963448,126.4522052,2,3,1,1,1,1,1,1,2,2024-11-06
이호동,제주특별자치도 제주시 이호일동 1923-3,오션패밀리호텔 앞(도로),33.4950531,126.4508296,2,3,1,1,1,1,2,1,2,2024-11-06
이호동,제주특별자치도 제주시 이호이동 1414-2 ,덕지답 북측(골왓)(도로),33.4929167,126.4549716,2,1,1,0,,,1,1,,2024-11-06
이호동,제주특별자치도 제주시 대동길 10,해락원 옆 (도로),33.4939503,126.4633736,3,3,1,1,1,1,4,1,2,2024-11-06
이호동,제주특별자치도 제주시 이호이동 1963-2,대일아파트 앞(도로),33.4932421,126.4633002,2,4,1,1,1,1,4,1,2,2024-11-06
이호동,제주특별자치도 제주시 이호이동 802-4,해양호식당 옆(도로),33.4950397,126.4609258,1,2,1,0,,,1,1,,2024-11-06
이호동,제주특별자치도 제주시 이호이동 845-10,풍경채 옆(도로),33.4941125,126.4600125,2,2,1,1,1,1,4,1,2,2024-11-06
이호동,제주특별자치도 제주시 이호이동 883-6,,33.4929109,126.4594638,2,3,1,1,,1,3,1,,2024-11-06
이호동,제주특별자치도 제주시 이호이동 1099-1,예촌 옆(도로),33.4904525,126.4611239,3,3,1,1,1,1,2,1,2,2024-11-06
이호동,제주특별자치도 제주시 이호이동 1006-6,이호지역아동센터 옆,33.4913283,126.4588402,2,3,1,1,1,1,2,1,2,2024-11-06
이호동,제주특별자치도 제주시 오광로 117,캐리어 냉동시스템 앞(도로),33.4860288,126.4607293,2,2,1,0,,,2,1,2,2024-11-06
이호동,제주특별자치도 제주시 서해안로 45-18,비취화장실 앞(이호렌드),33.5002082,126.4551228,3,3,1,0,1,1,2,1,,2024-11-06
이호동,제주특별자치도 제주시 이호일동 1905-6,반송주택 앞(도로),33.4944275,126.4488053,2,2,1,1,1,1,2,1,,2024-11-06
이호동,제주특별자치도 제주시 이호일동 375-36,해녀탈의장 앞(도로),33.5008823,126.4555308,1,2,1,1,,,2,1,,2024-11-06
이호동,제주특별자치도 제주시 이호이동 861-6,체육공원 (입구),33.4953403,126.4589351,2,2,1,1,1,1,1,1,2,2024-11-06
도두동,제주특별자치도 제주시 도두일동 1876,모메존식당 동쪽,33.5042321,126.4711041,2,3,1,1,1,1,2,1,2,2024-11-06
도두동,제주특별자치도 제주시 도두1길 7,동주민센터 동쪽,33.5030752,126.4686673,2,3,1,1,1,1,2,1,2,2024-11-06
도두동,제주특별자치도 제주시 도두일동 2461-2,쌍둥이민박 서쪽,33.5022267,126.4669968,2,4,2,1,1,1,2,1,3,2024-11-06
도두동,제주특별자치도 제주시 도두일동 2620,어린이공원 남쪽,33.5039975,126.4651053,3,4,1,2,1,1,3,1,3,2024-11-06
도두동,제주특별자치도 제주시 서해안로 170,오래물 남자목욕탕,33.5041267,126.4671408,2,4,1,1,1,1,2,1,2,2024-11-06
도두동,제주특별자치도 제주시 도두일동 2605-5,도두 녹색광장,33.505002,126.4671176,2,5,1,1,1,1,2,1,2,2024-11-06
도두동,제주특별자치도 제주시 도두항길 10,해녀탈의장 앞(도로),33.5061798,126.4670328,2,2,1,1,1,1,,1,2,2024-11-06
도두동,제주특별자치도 제주시 도두일동 1741-6,도두봉 동쪽 입구,33.5081029,126.4701371,2,4,1,1,1,1,1,1,2,2024-11-06
도두동,제주특별자치도 제주시 도두이동 1652-5  ,제주해안풍경펜션 앞,33.5085765,126.4749825,2,3,1,1,1,1,1,1,2,2024-11-06
도두동,제주특별자치도 제주시 도두이동 1675-3,신사수 공용화장실,33.5096404,126.4777043,1,2,1,2,0,1,1,화장실전기,2,2024-11-06
도두동,제주특별자치도 제주시 도두이동 711-3,스킨스쿠버 교육장 앞,33.5100344,126.4818181,1,3,1,1,1,1,,1,2,2024-11-06
도두동,제주특별자치도 제주시 도두일동 1201-2,오일장 서측 주차장,33.4958494,126.4743489,3,3,1,3,1,1,2,1,4,2024-11-06
도두동,제주특별자치도 제주시 도두이동 177-2,신성마을길 15 앞,33.4952639,126.4885264,2,4,2,1,0,0,3,1,3,2024-11-06
도두동,제주특별자치도 제주시 도두이동 90-8,다호마을 입구,33.5012091,126.4907558,2,4,1,1,1,1,2,1,2,2024-11-06
도두동,제주특별자치도 제주시 도두일동 1806-2 ,모메존식당 서측,33.5040666,126.469136,1,2,2,1,,,2,1,2,2024-11-06
도두동,제주특별자치도 제주시 신성마을1길 28,남양빌,33.4951378,126.4860339,1,1,1,0,,,1,,1,2024-11-06
도두동,제주특별자치도 제주시 도두일동 2270-3,포인트 낚시점 옆,33.4938946,126.4728224,1,2,1,1,,,2,1,2,2024-11-06
도두동,제주특별자치도 제주시 도리로 129,도리초등학교,33.5013961,126.4651053,1,2,1,0,,,,,,2024-11-06
도두동,제주특별자치도 제주시 신성마을1길 62,에코하우스 내,33.4957093,126.4833966,2,2,1,0,,,2,,,2024-11-06
도두동,제주특별자치도 제주시 도공로 141,택시조합 LPG충전소 내,33.4958711,126.4684971,1,0,,0,,,,,,2024-11-06
도두동,제주특별자치도 제주시 일주서로 7719,까사빌 2차 주차장,33.4943398,126.4711644,1,2,1,0,,,1,태양광,,2024-11-06
도두동,제주특별자치도 제주시 서해안로 131,하모니빌 주차장,33.5028915,126.4638155,1,1,,0,,,,,,2024-11-06
